q,h1_sensor,h1_serial,h2_sensor,h2_serial,h1_switch,h2_switch
21.5,2.211346585810327,2.97,10.495148165819348,10.37,True,True
21.5,3.782506545841206,2.73,10.201281867599562,10.49,True,True
21.5,2.8941085823605635,2.86,10.450303751030143,10.24,True,True
21.5,3.4261035076825084,3.36,9.879841183218069,10.42,True,True
21.5,2.8773613906338653,3.01,11.023886324954264,9.93,True,True
21.5,4.190150492361484,3.31,10.122535214011299,10.95,True,True
21.5,3.509704949975582,3.22,10.237934054518469,10.18,True,True
21.5,3.0345954953310987,3.75,11.067942818609355,10.21,True,True
21.5,3.0840449062665827,3.36,10.246873141674383,11.0,True,True
21.5,3.767029707015233,2.92,11.039682798820044,10.29,True,True
21.5,2.437928024108806,3.42,10.428382333780252,10.99,True,True
21.5,3.385767329329274,3.07,10.763125924168369,10.44,True,True
21.5,2.6448462869112377,2.92,10.92358835186093,10.75,True,True
21.5,3.3117239591230616,3.07,10.105325981732127,10.9,True,True
21.5,2.6703671524040233,2.83,10.55075040456573,10.16,True,True
21.5,3.9531341302150267,3.09,10.647922259352752,10.52,True,True
21.5,3.9117626354614603,3.19,11.08489555270302,10.65,True,True
21.5,2.5655695250523696,3.83,10.587915499343259,11.04,True,True
21.5,3.7211647389931946,3.2,9.77136639320974,10.59,True,True
21.5,2.915703231908935,2.93,10.238905636199952,9.84,True,True
21.5,2.822782582719808,3.36,11.38764814558821,10.2,True,True
21.5,2.2168256071349384,3.06,10.317885451512403,11.31,True,True
21.5,2.635029317113359,2.5,10.19606248709666,10.38,True,True
21.5,2.8128198494193084,2.5,10.713618027296882,10.23,True,True
21.5,2.981552351206262,2.84,10.29813942238165,10.69,True,True
21.5,2.434556824663642,2.84,11.318499489819452,10.33,True,True
21.5,3.9844120413098243,2.94,9.808310410335745,11.25,True,True
21.5,2.9289996990126594,2.86,10.55419140802499,9.92,True,True
21.5,2.493957777926521,3.53,11.043224672459319,10.49,True,True
21.5,3.470367488186472,2.86,10.25650647807713,11.01,True,True
21.5,3.3886279425217083,2.82,11.274957979311553,10.31,True,True
21.5,2.5597687520147425,3.5,10.370150122808308,11.2,True,True
21.5,4.057215478980572,2.89,10.830389422178683,10.41,True,True
21.5,3.808755857783739,3.23,10.646305764822253,10.81,True,True
21.5,2.894551598574693,3.75,10.60700620542285,10.63,True,True
21.5,3.4842950730670754,3.33,10.347051851663819,10.59,True,True
21.5,2.8901656813091483,3.08,10.735530221567664,10.36,True,True
21.5,3.4315756415617593,3.24,10.229124787769592,10.7,True,True
21.5,2.3891440514231443,3.02,9.884430771392068,10.26,True,True
21.5,3.212471428943713,2.93,10.631297505841083,9.91,True,True
21.5,2.5841013207006474,2.9,10.778930435282245,10.6,True,True
21.5,2.957947835732964,2.97,10.267232062938383,10.76,True,True
21.5,3.1600834642263713,2.72,10.32569681085836,10.31,True,True
21.5,2.3225244033252563,3.04,9.693515376812716,10.33,True,True
21.5,3.1072159640861767,2.75,10.5438059021989,9.74,True,True
21.5,2.3344651864973,2.84,10.361333213009898,10.51,True,True
21.5,2.6375526492955736,2.79,10.553998884667322,10.37,True,True
21.5,2.7098331096865085,2.6,9.700319300192438,10.56,True,True
21.5,3.239930554840791,2.61,10.139477863937048,9.78,True,True
21.5,2.399197562589097,3.01,10.082315372164977,10.13,True,True
21.5,2.384379391855629,2.89,10.452181804793062,10.09,True,True
21.5,3.694190998705559,2.56,11.016894188061402,10.45,True,True
21.5,3.885348150957303,3.03,11.280837675799722,10.99,True,True
21.5,3.044204215044846,3.68,9.99332381081463,11.24,True,True
21.5,2.8865400525180287,3.24,9.961135924865063,10.05,True,True
21.5,2.729409721234955,2.97,10.78866428409892,9.97,True,True
21.5,3.606010245152955,2.97,9.956139164445377,10.74,True,True
21.5,3.3495376258664438,2.96,10.154777043110549,10.02,True,True
21.5,1.4488254266537726,3.42,9.991260589381175,10.14,True,True
21.5,2.536924657163807,2.6,11.189568581465908,10.01,True,True
21.5,3.3560329601515813,2.31,10.621283598559966,11.15,True,True
21.5,2.8242636588633085,2.83,10.838232439335021,10.66,True,True
21.5,3.4670816047717365,3.13,10.699817232865728,10.81,True,True
21.5,2.57887615605137,3.06,10.631294490785837,10.7,True,True
21.5,2.615902547384491,3.06,11.173515778665658,10.62,True,True
21.5,3.6445364790521957,2.75,10.302959465190476,11.14,True,True
21.5,3.3841772547905573,2.92,10.723738921576066,10.36,True,True
21.5,2.3121151491663303,3.49,11.47532615429172,10.68,True,True
21.5,3.1561660207050313,3.04,10.267312235833732,11.41,True,True
21.5,1.9042073867799962,2.57,10.91552729772666,10.35,True,True
21.5,3.314010687913771,2.78,10.358843529012127,10.87,True,True
21.5,2.7944577303437517,2.53,10.811131075143138,10.42,True,True
21.5,3.473166269197214,3.13,9.861918311868449,10.77,True,True
21.5,2.904201336343646,2.93,9.50904564897725,9.93,True,True
21.5,3.7118863194013447,3.13,10.933765051828942,9.54,True,True
21.5,2.6913447348399386,3.4,10.998008517375037,10.85,True,True
21.5,2.962241028477604,3.23,9.99926666605394,10.97,True,True
21.5,2.7401400686683948,2.7,9.602378188901692,10.07,True,True
21.5,3.9831854747118824,2.83,10.746767029300916,9.65,True,True
21.5,2.957097887656644,3.38,9.78337602660681,10.69,True,True
21.5,2.7926668894954556,3.3,10.35267302190807,9.83,True,True
34.0,4.217256471349379,3.4,10.813611883427388,10.41,True,True
34.0,3.5413009804308277,3.97,10.958763655344162,10.99,True,True
34.0,4.0373133465267355,4.34,10.424863159667208,11.12,True,True
34.0,4.424441067141967,4.1,9.88556878326473,10.65,True,True
34.0,5.097002579814349,4.47,10.225769252159605,10.14,True,True
34.0,5.66822961110691,5.03,10.977808434795591,10.42,True,True
34.0,4.9385518997745,5.63,11.482036706975865,11.13,True,True
34.0,5.136566680980515,5.6,11.054026922757409,11.62,True,True
34.0,4.808192680589073,5.17,9.979962653817767,11.25,True,True
34.0,4.5180949177283,5.04,10.685248952424011,10.25,True,True
34.0,5.877869160509431,5.06,10.371991725422713,10.84,True,True
34.0,6.2090818921650595,5.25,10.910454135507539,10.6,True,True
34.0,5.535204005697993,6.18,11.385082417496331,11.08,True,True
34.0,6.005976443900635,6.09,10.932310380281288,11.53,True,True
34.0,6.240096462812826,5.77,10.406878158097898,11.14,True,True
34.0,5.780851508144494,6.08,12.91523543324213,10.65,True,True
34.0,5.595929623033828,6.54,11.88141848878176,12.94,True,True
34.0,7.2740104951318765,5.66,11.34314651665835,12.07,True,True
34.0,6.865952382858712,6.26,12.268949609021652,11.56,True,True
34.0,6.485809970913799,7.21,12.478989726916144,12.4,True,True
34.0,6.665184420666634,6.75,12.457982527789683,12.62,True,True
34.0,7.353334177399493,6.58,11.92698195926183,12.61,True,True
34.0,6.393789621313744,6.85,12.74741379214733,12.13,True,True
34.0,5.9852086164406035,7.06,11.459854590019846,12.87,True,True
34.0,6.878755423395156,6.07,12.665262983324165,11.68,True,True
34.0,6.854825411596631,6.61,13.38392645003918,12.76,True,True
34.0,7.346436459211341,6.99,13.904698371113515,13.49,True,True
34.0,6.658529645109635,7.14,13.423062874002705,14.01,True,True
34.0,6.1974038416126325,6.96,12.73885100821691,13.58,True,True
34.0,6.515606978705013,6.39,13.55676914295814,12.9,True,True
34.0,6.278966211157498,6.53,12.845518521628575,13.64,True,True
34.0,6.734258018014662,6.34,13.96875928929558,13.01,True,True
34.0,7.026876394512966,6.7,13.793487920198194,14.04,True,True
34.0,6.728355536137949,6.84,14.661424461021797,13.92,True,True
34.0,6.105977236168262,7.06,13.706601273125491,14.74,True,True
34.0,7.404768060620521,6.35,13.418689553629479,13.85,True,True
34.0,6.729657315017896,6.63,14.468276417138169,13.56,True,True
34.0,7.880574746926521,7.28,14.479226338285917,14.55,True,True
34.0,7.302686894662156,7.2,13.81256693296049,14.6,True,True
34.0,6.706718421642202,7.46,14.043014381973672,13.98,True,True
34.0,7.122254077552677,7.08,15.43064474032925,14.16,True,True
34.0,6.60465301301686,7.13,15.05472190373394,15.48,True,True
34.0,7.426181016769611,6.86,15.51605411849345,15.16,True,True
34.0,6.991337280647409,7.04,14.80785934336978,15.59,True,True
34.0,6.631834958752754,7.11,15.449180113817768,14.94,True,True
34.0,8.135736845102034,6.97,14.769026834573344,15.52,True,True
34.0,7.7322744273393536,7.13,14.947669962042845,14.91,True,True
34.0,7.963135262137147,7.92,15.41064608886851,15.08,True,True
34.0,7.217333260728454,7.85,14.961866872789102,15.52,True,True
34.0,7.455211636848178,7.52,15.169776306814942,15.1,True,True
34.0,7.044136759911626,7.33,15.062638705173697,15.27,True,True
34.0,7.760378155175232,7.24,15.898729885420227,15.18,True,True
34.0,7.161214455989204,7.47,15.61074103430701,15.97,True,True
34.0,6.372813276877472,7.43,15.74306015929001,15.73,True,True
34.0,7.0307341078542365,6.88,17.146912202757214,15.82,True,True
34.0,7.695015037518474,6.93,15.681478282172952,17.16,True,True
34.0,7.510894968128771,7.05,16.4681455807114,15.83,True,True
34.0,6.873742095323866,7.71,15.67599874802694,16.54,True,True
34.0,7.396691866485506,7.1,16.924798708675297,15.8,True,True
34.0,7.453440145756198,7.31,16.454635567587513,16.96,True,True
34.0,7.429795878372536,7.32,17.233528950025487,16.56,True,True
34.0,7.139221067062229,7.56,16.510821163916322,17.29,True,True
34.0,6.662414508548811,7.18,16.140700429593576,16.62,True,True
34.0,7.1311628056815985,6.89,17.426530516655756,16.23,True,True
34.0,7.38383925184569,7.11,17.36014443711958,17.45,True,True
34.0,7.1946177914610825,7.23,17.279235241415744,17.44,True,True
34.0,7.203312176808577,7.28,17.55971331867656,17.36,True,True
34.0,7.609885640180808,7.25,16.92924437024319,17.63,True,True
34.0,7.480297433490486,7.25,16.91766682888589,17.04,True,True
34.0,7.619242836193519,7.53,17.89454549231363,17.01,True,True
34.0,7.805196234659124,7.68,17.571660637984134,17.95,True,True
34.0,6.9693380720378855,7.61,17.908603333732295,17.67,True,True
34.0,7.043395166899129,7.49,17.436438438319684,17.98,True,True
34.0,6.5291225299118185,6.94,18.06858777125046,17.52,True,True
34.0,8.218635687253373,6.97,17.96212538313906,18.11,True,True
34.0,6.55504156762431,7.22,16.50570451099573,18.04,True,True
34.0,7.5822845410629816,7.25,17.974152423215067,16.65,True,True
34.0,8.154092654180182,7.26,16.937911729194944,17.99,True,True
34.0,6.847897243075543,7.6,18.702882713747638,17.07,True,True
34.0,7.319788863111317,7.88,18.374394030374507,18.73,True,True
34.0,7.399367165656,7.01,19.05299128688589,18.45,True,True
34.0,7.4653845005380965,7.46,18.111744810071137,19.1,True,True
34.0,7.551456535287774,7.26,17.874348586619266,18.22,True,True
34.0,7.696097856668708,7.44,19.13433382697833,17.96,True,True
34.0,7.0498680800179105,7.8,18.608773662995564,19.17,True,True
34.0,7.5405080299866025,7.32,18.899696978206034,18.7,True,True
34.0,7.8410690110760735,7.31,19.989239655317032,18.96,True,True
34.0,7.067728224623843,7.82,19.78141950305186,20.03,True,True
34.0,7.035832648017914,7.47,18.528245606297446,19.86,True,True
34.0,7.455090229685935,6.86,18.49092759586652,18.63,True,True
34.0,6.855161672082584,7.21,19.790762453236848,18.56,True,True
34.0,7.856495715939089,7.43,18.63367980722323,19.81,True,True
34.0,6.299533947784621,7.08,18.510005315883667,18.74,True,True
34.0,7.533566102658337,7.19,19.711154346405664,18.58,True,True
34.0,6.8400597804397085,7.06,19.322641958617318,19.71,True,True
34.0,7.306662132211248,7.18,19.847474462159134,19.4,True,True
34.0,7.6334885893382465,7.14,19.55408930132573,19.88,True,True
34.0,8.988383309253209,7.38,19.190578064422766,19.63,True,True
34.0,7.877537478744193,8.08,20.102526472462035,19.3,True,True
34.0,7.666976609892384,8.6,20.49666309779217,20.18,True,True
34.0,7.562165997951133,7.82,19.840696035673748,20.56,True,True
34.0,7.748636304522749,7.49,19.96321626902778,19.94,True,True
34.0,6.952353007658554,7.64,19.871425949453407,20.03,True,True
34.0,6.676794237972227,7.39,19.845367656263335,19.94,True,True
34.0,7.539217171870889,6.87,19.768405090381485,19.89,True,True
34.0,6.9109840916827245,7.05,20.063206977995033,19.82,True,True
34.0,6.9985007912962764,7.33,19.690722491244856,20.12,True,True
34.0,7.083300074363063,6.91,21.137410332866793,19.75,True,True
34.0,7.69522063004819,7.3,20.69103787941563,21.13,True,True
34.0,6.539488940146388,7.26,20.971637261773804,20.77,True,True
34.0,7.11406714239122,7.26,20.40551566261624,21.02,True,True
34.0,7.828429187793065,6.73,20.038747756074347,20.46,True,True
34.0,7.110521877060482,7.34,19.86727009631727,20.12,True,True
34.0,7.7805618858734755,7.48,19.07259692499044,19.95,True,True
34.0,7.121677280181345,7.25,20.81033549414287,19.17,True,True
34.0,8.081971873297968,7.78,19.764908518814142,20.82,True,True
34.0,8.41080436850628,7.33,21.74416940480283,19.87,True,True
34.0,7.221658978984333,8.49,20.68710840478983,21.76,True,True
34.0,7.989004478324283,7.69,20.544058916388646,20.81,True,True
34.0,7.100744057527298,7.5,20.65341585046756,20.62,True,True
34.0,7.3646563971914745,7.61,20.914944179411062,20.72,True,True
34.0,6.577098027617067,7.26,21.5693731210456,20.96,True,True
34.0,7.021630963976419,7.17,20.353534819428614,21.59,True,True
34.0,6.837494936044288,6.6,21.656016076510333,20.43,True,True
34.0,8.07658262453838,7.19,20.538334340663535,21.65,True,True
34.0,6.6633772876075605,7.17,21.738304868721332,20.64,True,True
34.0,7.374886590843263,7.67,21.958422016953996,21.76,True,True
34.0,7.786107608365634,7.03,21.375601949600473,21.99,True,True
34.0,7.328364234813482,7.43,21.215637631312365,21.46,True,True
34.0,7.176870241149754,7.55,21.642320255413534,21.29,True,True
34.0,6.952822905920771,7.34,21.847299472063114,21.68,True,True
34.0,7.272600628077775,7.14,21.468558075399077,21.88,True,True
34.0,7.100689130214163,7.04,22.060133186646905,21.53,True,True
34.0,7.605963882245838,7.31,21.594713007539124,22.09,True,True
34.0,7.61837910191824,7.24,22.495599347298885,21.66,True,True
34.0,7.456251141319325,7.74,22.380585774110983,22.52,True,True
34.0,7.861323153026156,7.52,22.05444598055836,22.44,True,True
34.0,7.412124166631405,7.55,21.265683866200813,22.13,True,True
34.0,7.502252327999912,7.52,21.97044643965774,21.36,True,True
34.0,7.030606171583287,7.56,22.279514427919846,22.0,True,True
34.0,7.5732161795680675,7.36,21.522534169246917,22.32,True,True
34.0,7.454977366353597,7.14,23.06746644092974,21.6,True,True
34.0,7.1050071403188,7.77,22.926632587748283,23.06,True,True
34.0,7.1345091057313255,7.29,22.007760428539715,22.98,True,True
34.0,7.492749831740202,6.98,22.23623004059112,22.08,True,True
34.0,6.437309036165642,7.33,22.43063347967817,22.28,True,True
34.0,7.777056438609185,7.1,22.871685800763384,22.46,True,True
34.0,7.9406774501115525,7.1,22.685113727842126,22.88,True,True
34.0,7.6744227096978275,7.78,23.002875459123302,22.76,True,True
34.0,7.306096510192205,7.85,22.620175766057702,23.06,True,True
34.0,7.473050893694898,7.44,23.320985175744383,22.69,True,True
34.0,7.091196371170666,7.49,23.21948121009192,23.34,True,True
34.0,6.980898863461594,7.3,22.828251313332096,23.27,True,True
34.0,6.964181702626967,7.0,23.373539144834712,22.88,True,True
34.0,8.6036489111554,7.09,22.834180395477002,23.38,True,True
34.0,6.34625863177137,7.54,22.230371189214864,22.91,True,True
34.0,7.650416829854256,7.53,23.728371183381753,22.32,True,True
34.0,6.748786962245674,7.18,23.395163880726717,23.68,True,True
34.0,7.0694349872980595,7.22,21.745651015042025,23.45,True,True
34.0,7.564900626169126,6.64,23.082928962642196,21.84,True,True
34.0,7.448597180630775,7.5,23.486029979187272,23.07,True,True
34.0,7.45032597932739,7.57,22.648112035494485,23.52,True,True
34.0,6.57163830264695,7.3,23.26758328926008,22.73,True,True
34.0,7.62010610224152,7.2,23.118342242207802,23.28,True,True
34.0,8.037643299586605,7.01,23.690211239564746,23.15,True,True
34.0,7.861778470839219,7.86,23.756122455199485,23.72,True,True
34.0,7.512547573239474,7.93,23.748167502411224,23.82,True,True
34.0,7.610454377856941,7.69,24.113155466618384,23.8,True,True
34.0,7.0990230221949,7.6,22.757791398109163,24.14,True,True
34.0,7.135664065180114,7.17,23.998631340193647,22.86,True,True
34.0,7.2262139818164455,7.34,23.92737404482744,23.97,True,True
34.0,7.316738475615971,7.18,22.771148787158193,23.96,True,True
34.0,7.925549508507376,7.08,23.028412767710034,22.86,True,True
34.0,6.581914445619484,7.6,23.563724312550907,23.07,True,True
34.0,6.79153615875226,7.45,23.247231298121847,23.59,True,True
34.0,7.4622664953364914,6.67,23.55045391632765,23.27,True,True
34.0,8.21561695071012,7.14,24.119727553892247,23.56,True,True
34.0,7.176135342328823,7.84,23.206590373519397,24.14,True,True
34.0,7.209631115919393,7.6,23.082417545868704,23.31,True,True
34.0,7.600172194077565,7.18,22.717279989870516,23.12,True,True
34.0,7.471895295728883,7.31,24.11207217774953,22.78,True,True
34.0,6.995760179961216,7.76,23.534612756980295,24.1,True,True
34.0,7.12249675075351,7.18,23.41575510036003,23.59,True,True
34.0,7.37224515207001,7.05,23.618679610855917,23.45,True,True
34.0,7.0127523026404806,7.27,23.901008869784746,23.64,True,True
34.0,7.536485702506945,7.28,23.8826031653536,23.92,True,True
34.0,6.720942320410808,7.24,23.75440752118941,23.91,True,True
34.0,7.84967158272147,7.19,25.08378324348603,23.79,True,True
34.0,7.015044095180947,7.43,24.431116889807694,25.03,True,True
34.0,7.458489347922983,7.38,24.47232417862068,24.49,True,True
34.0,8.112425755320418,7.22,24.837719187745996,24.49,True,True
34.0,7.3657118993944986,7.77,23.10326926097996,24.86,True,True
34.0,8.304021121493472,7.48,23.00892400470363,23.23,True,True
34.0,6.978533807463351,7.71,24.272387228948073,23.07,True,True
34.0,7.1954434400066045,7.93,23.91102484928639,24.28,True,True
34.0,7.696811369870237,7.03,24.447837799288312,23.94,True,True
34.0,7.420946561825506,7.49,24.51874304079374,24.45,True,True
34.0,6.653385051246153,7.58,24.342348899017747,24.55,True,True
34.0,7.029262448624038,7.09,24.435481247291314,24.37,True,True
34.0,6.373107505185029,6.87,24.88416714879021,24.43,True,True
34.0,7.367724488640641,6.88,24.954535428520174,24.86,True,True
34.0,7.684877540948617,6.85,24.05868959591539,24.93,True,True
34.0,6.5858401315492054,7.34,24.936509898248705,24.13,True,True
34.0,7.137664249214713,7.38,24.691845739898163,24.92,True,True
34.0,6.843116637569295,6.83,24.661318972505956,24.69,True,True
34.0,7.5838403739031675,7.04,24.87346509133861,24.67,True,True
34.0,7.939811889478705,7.21,23.699037760844476,24.87,True,True
34.0,6.969628694775374,7.51,24.69896617054738,23.8,True,True
34.0,7.597317492454162,7.68,24.853956192856966,24.69,True,True
34.0,7.380054620942689,7.27,24.697781003537127,24.86,True,True
34.0,7.1084024897918665,7.47,24.239804847682407,24.73,True,True
34.0,7.153053779836052,7.2,25.20149936952228,24.28,True,True
34.0,7.8246354156854565,7.31,24.651607432944026,25.16,True,True
34.0,6.913405480057543,7.34,25.430517246797187,24.7,True,True
34.0,7.718104210045641,7.57,25.053440260325324,25.41,True,True
34.0,7.295420924682597,7.2,24.278366601261535,25.07,True,True
34.0,7.890449963441215,7.4,23.758586472481404,24.35,True,True
34.0,7.5524028026024155,7.45,25.246614889178403,23.82,True,True
34.0,7.554222470265085,7.96,24.402974108149927,25.22,True,True
34.0,6.539901766575384,7.4,24.259233802455306,24.47,True,True
34.0,7.391066491826169,7.12,24.632212389759854,24.29,True,True
34.0,7.821841811808619,7.0,23.914562735755574,24.61,True,True
34.0,7.189352104821315,7.44,25.509913089904924,23.98,True,True
34.0,7.43846883829371,7.8,25.281754866311253,25.46,True,True
34.0,7.421255059777749,7.27,25.670071030097755,25.29,True,True
34.0,8.697618921743501,7.49,25.33868793529889,25.66,True,True
34.0,7.643905488976519,7.86,26.198333554907883,25.38,True,True
34.0,7.70177486147359,8.33,24.67507409652134,26.19,True,True
34.0,7.113195707569184,7.4,25.18074884323771,24.77,True,True
34.0,8.074240646744588,7.53,24.561520315847055,25.18,True,True
34.0,6.998173836178334,7.4,25.630404980609026,24.61,True,True
34.0,7.728387942313388,7.78,25.488381104754755,25.61,True,True
34.0,7.221822279299938,7.29,25.47712466050721,25.49,True,True
34.0,7.174326352004245,7.51,25.658191450097046,25.49,True,True
34.0,8.284734957705876,7.25,25.655261137612,25.64,True,True
34.0,7.98552682515612,7.62,24.350152110986354,25.66,True,True
34.0,7.192122577478805,7.89,25.00653150689013,24.47,True,True
34.0,7.938334183474283,7.74,25.503406961339525,25.01,True,True
34.0,7.241458040369948,7.58,25.747119354861344,25.49,True,True
34.0,7.65691183707866,7.67,24.886914199643847,25.75,True,True
34.0,8.25102097331585,7.27,25.471429113387284,24.94,True,True
34.0,7.317032228116401,7.96,25.31262415768573,25.48,True,True
34.0,8.328402893169605,7.8,25.520210699574992,25.36,True,True
34.0,6.926703875499768,7.75,25.193602159431965,25.53,True,True
34.0,6.184784638379566,7.66,26.245412908200127,25.24,True,True
34.0,7.469094024557796,6.86,24.742894183419015,26.15,True,True
34.0,6.606517712004553,6.54,24.58824721573363,24.78,True,True
34.0,7.15195253724818,7.1,25.05274318771442,24.61,True,True
34.0,7.7562063634573954,6.96,25.010519474392197,25.02,True,True
34.0,7.251256658129617,7.4,25.204283757274965,25.03,True,True
34.0,7.144226183349629,7.56,24.798843667977106,25.22,True,True
34.0,6.353695763867311,7.16,26.567514022109638,24.83,True,True
34.0,7.8315409348701515,7.16,24.773316714430912,26.44,True,True
34.0,7.0310980521381525,6.72,24.97588934315932,24.83,True,True
34.0,7.50397277390109,7.52,24.92984155496126,24.99,True,True
34.0,8.497668041812117,7.24,26.030629655799235,24.94,True,True
34.0,7.340309996176414,8.06,24.543075177746775,26.0,True,True
34.0,7.541104863436915,7.72,25.4429007108077,24.66,True,True
34.0,6.706823135024447,7.57,25.25730098090275,25.42,True,True
34.0,7.502890639249311,7.18,24.36536754825123,25.27,True,True
34.0,7.303972844205281,6.92,25.12846053549899,24.41,True,True
34.0,7.947606938586947,7.54,25.332007531200645,25.12,True,True
34.0,6.905416154597759,7.59,24.538510494204925,25.34,True,True
34.0,7.417948978363506,7.37,24.55267127700689,24.6,True,True
34.0,7.269460518049009,7.14,24.709139823687718,24.56,True,True
34.0,8.134312827549415,7.38,26.56175108752459,24.73,True,True
34.0,7.434805135404801,7.92,25.878717129970966,26.47,True,True
34.0,7.4111475927084225,7.7,24.96050028269244,25.93,True,True
34.0,7.9090009885797565,7.27,25.18306316057239,25.01,True,True
34.0,7.754461831809103,7.64,25.6078380186401,25.2,True,True
34.0,6.369458118820594,7.88,25.603671363387118,25.62,True,True
34.0,7.126967159177304,7.19,25.817525068351177,25.6,True,True
34.0,7.622223578855203,6.79,25.5398424200841,25.76,True,True
34.0,6.5436036445897585,7.3,26.447318235844477,25.55,True,True
34.0,7.369865465386375,7.34,25.902785105617017,26.38,True,True
34.0,7.728443785647225,6.85,25.820611514761975,25.88,True,True
34.0,7.191148078489665,7.5,26.563988475274922,25.82,True,True
34.0,7.895547014248352,7.62,25.150501516669173,26.51,True,True
34.0,7.295853341736988,7.25,24.52868281497763,25.22,True,True
34.0,7.586872666080966,7.52,25.67047584913561,24.59,True,True
34.0,8.042706409612856,7.6,25.017477148768958,25.63,True,True
34.0,6.591175057339069,7.64,25.10373052963745,25.08,True,True
34.0,7.851901180134389,7.44,25.3552795558191,25.12,True,True
34.0,7.161543953625837,7.19,25.13371220055078,25.33,True,True
34.0,7.042678249013687,7.51,27.075011735315485,25.17,True,True
34.0,7.630986084595775,7.46,25.61364343983057,26.93,True,True
34.0,6.736759755466501,7.07,25.887267146098697,25.66,True,True
34.0,7.799310965893748,7.32,25.0023325485385,25.87,True,True
34.0,7.375161194790222,7.06,25.671561850786812,25.04,True,True
34.0,8.229730205257493,7.71,25.55987243555276,25.66,True,True
34.0,6.605610268483694,7.69,25.334145212537706,25.58,True,True
34.0,7.742429984188632,7.5,25.805523231669902,25.37,True,True
34.0,7.976782633405498,7.19,26.52234744958164,25.76,True,True
34.0,7.119927960483102,7.92,26.11608821417331,26.49,True,True
34.0,7.491151337593944,7.54,25.374901170645305,26.13,True,True
34.0,7.7024651700888604,7.17,25.695875728529394,25.4,True,True
34.0,7.815757944637088,7.62,26.58354195054353,25.69,True,True
34.0,6.892024197333914,7.87,26.06025944178272,26.54,True,True
34.0,7.996353381561819,7.35,26.939750671005577,26.07,True,True
34.0,6.911994410691816,7.51,25.961909024967852,26.85,True,True
34.0,6.81349288142006,7.38,25.597133821881165,26.0,True,True
34.0,7.23555490897643,6.86,25.899275629990225,25.58,True,True
34.0,7.565374276316052,7.08,25.226285524304604,25.86,True,True
34.0,7.520470719247365,7.27,25.429570600415172,25.26,True,True
34.0,8.383662021210286,7.57,26.547176702747905,25.44,True,True
34.0,7.9321728376016765,8.03,25.633799554144243,26.49,True,True
34.0,7.943299955371797,7.99,26.21855049837748,25.71,True,True
34.0,7.391370065308108,7.99,25.579846565885834,26.21,True,True
34.0,7.071605531705287,7.58,25.584820514923713,25.63,True,True
34.0,7.522019594855744,7.27,25.547176175270167,25.58,True,True
34.0,7.4893588266338975,7.27,25.602835698825015,25.54,True,True
34.0,7.255801365680877,7.51,25.62428227625454,25.61,True,True
34.0,7.436661843859034,7.4,26.098504422273056,25.63,True,True
34.0,7.608481839926897,7.42,25.56392335452443,26.06,True,True
34.0,8.556742981903879,7.5,25.760792180530395,26.06,True,False
34.0,7.188450872941353,7.55,25.08084419038306,26.06,False,False
34.0,7.289658120715792,7.51,26.092066085796993,26.05,False,False
34.0,7.370334808953242,7.53,25.823855980442122,26.05,False,False
34.0,6.646079800455459,7.51,26.269572577623016,26.04,False,False
34.0,7.2582142398042135,7.51,25.90025222845975,26.04,False,False
34.0,7.8169035982279444,7.51,25.855810325737984,26.03,False,False
34.0,7.647040556255158,7.51,26.306725555700886,26.03,False,False
34.0,7.570730309108513,7.5,24.990918532694767,26.03,False,False
34.0,7.959425174109871,7.5,25.795467737645783,26.02,False,False
34.0,7.699339913236322,7.49,25.719288905553913,26.02,False,False
34.0,7.421085779142005,7.49,26.13385994695019,26.01,False,False
34.0,7.800015364130056,7.49,26.11642221927861,26.01,False,False
34.0,7.513867347735947,7.49,25.664380357018683,26.0,False,False
34.0,6.644437235937821,7.48,25.364098547026092,26.0,False,False
34.0,7.1091177464215685,7.48,26.059223828994398,25.99,False,False
34.0,7.075139426476348,7.48,25.091554839938883,25.99,False,False
34.0,7.666158610461842,7.48,25.675078710845106,25.98,False,False
34.0,7.484898071872616,7.47,26.774594248744354,25.98,False,False
34.0,6.984925437114051,7.47,25.91138538614982,25.97,False,False
34.0,7.855428374230012,7.47,25.827829368692896,25.97,False,False
34.0,6.802361151884414,7.47,26.199833030615896,25.97,False,False
34.0,7.021770526531094,7.47,25.42505766771381,25.96,False,False
34.0,7.305118310705581,7.46,25.47033793747668,25.96,False,False
34.0,6.679788667143546,7.46,25.701366310347733,25.95,False,False
34.0,7.2561855657294405,7.46,25.01348729586634,25.95,False,False
34.0,7.6767197568304955,7.46,25.903662762436134,25.94,False,False
34.0,7.174398518842825,7.46,25.949143330561714,25.94,False,False
34.0,7.284449191331657,7.46,26.09319184882801,25.93,False,False
34.0,7.021944159464191,7.46,26.067294843028208,25.93,False,False
34.0,6.904103832821054,7.45,26.19079128811036,25.93,False,False
34.0,7.336320381029352,7.45,25.65601516469632,25.92,False,False
34.0,7.497088295238731,7.45,26.48514669332762,25.92,False,False
34.0,6.908148183833098,7.45,25.82572969190124,25.91,False,False
34.0,7.370010617999712,7.45,25.684591782413545,25.91,False,False
34.0,7.410421017968717,7.45,26.501790811799392,25.91,False,False
34.0,6.688275158892926,7.45,25.449712423440893,25.9,False,False
34.0,7.431021722569916,7.45,24.89069869128913,25.9,False,False
34.0,6.628852602353949,7.45,25.94330440004788,25.9,False,False
34.0,7.33063930231176,7.45,25.22344464682519,25.89,False,False
34.0,7.536598790665785,7.45,25.770184794469312,25.89,False,False
34.0,7.455796286373536,7.45,25.084139642938656,25.88,False,False
34.0,6.182654111596266,7.44,25.09513119486023,25.88,False,False
34.0,7.28815643182692,7.44,25.979810728028045,25.88,False,False
34.0,7.942332303130476,7.44,25.660199947444518,25.88,False,False
34.0,7.929791365049496,7.44,26.33781666449074,25.87,False,False
34.0,7.318369274493914,7.44,25.958860039257917,25.87,False,False
34.0,7.2093733892177365,7.44,25.463909646755315,25.87,False,False
34.0,7.285315129672082,7.44,25.976092163229126,25.86,False,False
34.0,7.398286755921493,7.44,25.9011762211368,25.86,False,False
34.0,7.24235521811887,7.44,25.96375049576769,25.86,False,False
34.0,8.335532319754593,7.44,26.309357171349856,25.85,False,False
34.0,8.43486554979632,7.44,25.72771588945156,25.85,False,False
34.0,7.327868014735203,7.44,26.41834287966216,25.85,False,False
34.0,7.380121489275027,7.44,26.27164102229721,25.85,False,False
34.0,7.166522994755804,7.44,26.757216460534977,25.84,False,False
34.0,7.772243291260182,7.44,25.306383704178508,25.84,False,False
34.0,7.906042141934022,7.44,26.08752288698863,25.84,False,False
34.0,7.109690404598032,7.44,25.01883961576407,25.84,False,False
34.0,7.205608301179775,7.44,25.737734946851305,25.83,False,False
34.0,6.732118789966766,7.44,25.292737954010715,25.83,False,False
34.0,7.637780222060691,7.44,25.72772096830875,25.83,False,False
34.0,7.832728766678995,7.44,26.90185678620824,25.83,False,False
34.0,7.240800950388647,7.44,25.900845439002836,25.82,False,False
34.0,8.470012545512104,7.44,26.57105882697578,25.82,False,False
21.5,6.73702077227326,7.12,25.936031764771275,25.77,False,False
21.5,6.63353180803724,6.87,25.75481955857687,25.73,False,False
21.5,6.9829385808124265,6.61,26.030635019277845,25.67,False,False
21.5,7.661766400854383,6.37,25.385922541334352,25.59,False,False
21.5,5.876980933212662,6.13,25.548706547688763,25.5,False,False
21.5,6.427836791518675,5.91,25.646197751735517,25.39,False,False
21.5,6.088278942245404,5.7,25.9567739291894,25.27,False,False
21.5,4.725937014325153,5.5,25.23930589550794,25.14,False,False
21.5,4.955583540210472,5.31,25.989229748210445,25.0,False,False
21.5,5.577580214958737,5.14,24.844237185670277,24.85,False,False
21.5,5.145750890369232,4.97,23.77100713791663,24.69,False,False
21.5,5.771940258014969,4.82,24.65905334638119,24.53,False,False
21.5,4.872405363645661,4.67,24.570225908598097,24.36,False,False
21.5,4.35092609394687,4.54,23.652443593290275,24.18,False,False
21.5,4.782645579906456,4.42,24.10749964009705,24.0,False,False
21.5,4.079921552151824,4.3,23.653027845765624,23.82,False,False
21.5,5.339881310280335,4.19,24.22668506385366,23.64,False,False
21.5,3.4773041926709096,4.09,24.336312707985915,23.46,False,False
21.5,4.1393896540265525,4.0,22.197060594820478,23.27,False,False
21.5,3.5959996737787203,3.91,22.84835136061498,23.09,False,False
21.5,3.8643665790885446,3.83,23.540277432420382,22.9,False,False
21.5,3.3869531561987958,3.76,23.55158441663151,22.72,False,False
21.5,4.448413900160506,3.69,23.684828407463396,22.54,False,False
21.5,3.698450589781152,3.63,22.418794259776405,22.36,False,False
21.5,3.851257374270671,3.58,23.221863931443494,22.18,False,False
21.5,3.49791291443074,3.52,22.74540167510199,22.01,False,False
21.5,3.982734940581565,3.47,22.37464655579477,21.84,False,False
21.5,2.709980176866697,3.43,21.266537262953747,21.67,False,False
21.5,4.3284589701169605,3.39,21.527199298647947,21.5,False,False
21.5,3.38464945018527,3.35,22.00631075417789,21.34,False,False
21.5,3.0801108566083797,3.32,22.32500945821848,21.18,False,False
21.5,3.8561937667866135,3.29,21.589016795862428,21.03,False,False
21.5,3.5318270461852856,3.26,21.457253909718577,20.87,False,False
21.5,3.267523667276459,3.23,20.764844787346533,20.72,False,False
21.5,3.5848585953212906,3.21,21.192948999957064,20.58,False,False
21.5,2.386605259690904,3.19,20.260676634654015,20.43,False,False
21.5,2.8918829818012544,3.17,21.22074686075512,20.29,False,False
21.5,3.5934791338946885,3.15,21.608800029728915,20.15,False,False
21.5,3.1075551220665156,3.13,20.5414158086965,20.02,False,False
21.5,2.9112568261123175,3.11,20.907691531895573,19.89,False,False
21.5,3.0301571622640098,3.1,19.960880211422417,19.76,False,False
21.5,3.0570351557747624,3.09,20.064314534561234,19.63,False,False
21.5,2.564961734870163,3.07,19.202131447496626,19.51,False,False
21.5,2.345943473736083,3.06,20.02704245161106,19.39,False,False
21.5,3.208304358200236,3.05,20.113268311859454,19.27,False,False
21.5,3.8909596298919102,3.04,18.728469930722284,19.15,False,False
21.5,2.0595081417584766,3.04,19.0904294199621,19.04,False,False
21.5,3.3238683947805856,3.03,19.108520968241987,18.92,False,False
21.5,3.020401452600082,3.02,19.363052825670238,18.81,False,False
21.5,3.0601837826870515,3.01,19.648591471236376,18.71,False,False
21.5,2.830875947962561,3.01,18.740664851899794,18.6,False,False
21.5,2.9780190181268535,3.0,19.436366547493275,18.5,False,False
21.5,2.762385404983064,3.0,18.432445700373183,18.4,False,False
21.5,3.600067622939668,2.99,19.01213432217257,18.3,False,False
21.5,2.172401716325335,2.99,18.42764907970771,18.2,False,False
21.5,2.737591003466281,2.98,19.84014057592911,18.1,False,False
21.5,3.414124296045282,2.98,18.08719112217784,18.01,False,False
21.5,3.8425123255000395,2.98,17.485552759290858,17.91,False,False
21.5,3.2519086411707887,2.97,19.011786596981494,17.82,False,False
21.5,2.6845855668991803,2.97,17.008686889847386,17.73,False,False
21.5,3.236424617537442,2.97,17.73764110851982,17.64,False,False
21.5,2.668121686768197,2.97,18.231211783394592,17.55,False,False
21.5,2.357093371848779,2.97,18.259178304467227,17.47,False,False
21.5,2.9883031606808417,2.96,17.657751517141367,17.38,False,False
21.5,3.47147196252048,2.96,17.38385522473365,17.3,False,False
21.5,2.4637467642804474,2.96,16.965740406372127,17.22,False,False
21.5,3.5986365886232368,2.96,17.397427127658627,17.13,False,False
21.5,3.1028685385260633,2.96,16.90849108762176,17.05,False,False
21.5,2.554178798322441,2.96,16.54148315482538,16.97,False,False
21.5,3.081338793972923,2.96,16.594978751946748,16.9,False,False
21.5,2.886319514038612,2.95,16.817075429142818,16.82,False,False
21.5,2.0791130335380346,2.95,16.549732077929146,16.74,False,False
21.5,2.975652050790411,2.95,16.636328209754513,16.67,False,False
21.5,2.408609797580141,2.95,17.052599071773155,16.59,False,False
21.5,2.5339390263662542,2.95,16.334890815236665,16.52,False,False
21.5,2.454634085400905,2.95,16.758252384857826,16.45,False,False
21.5,2.5397480171490185,2.95,16.856053322518385,16.38,False,False
21.5,3.11843807269563,2.95,16.13215900422326,16.31,False,False
21.5,2.6875935676233706,2.95,16.91693525504848,16.24,False,False
21.5,4.002425898809415,2.95,15.265858303987992,16.17,False,False
21.5,3.0921508008699816,2.95,15.585504728916044,16.1,False,False
21.5,3.023895770365223,2.95,16.407343122515208,16.03,False,False
21.5,3.4055555120394296,2.95,15.783623631650169,15.97,False,False
21.5,3.6056220714863656,2.95,16.653458597799812,15.9,False,False
21.5,2.8768031559688807,2.95,15.136886551075953,15.84,False,False
21.5,2.9868277783670996,2.95,15.393087014063184,15.77,False,False
21.5,3.015621778477561,2.95,15.315537799682332,15.71,False,False
21.5,2.379733228025551,2.95,15.81652153299007,15.64,False,False
21.5,2.906445316083332,2.95,15.294434931327887,15.58,False,False
21.5,2.7680592392758308,2.95,15.749457880549484,15.52,False,False
21.5,2.2506162106858127,2.95,15.477727590897576,15.46,False,False
21.5,4.219858506130482,2.95,15.831318538382645,15.4,False,False
21.5,2.579287595818215,2.95,15.387178602642726,15.34,False,False
21.5,2.824300666652583,2.95,16.080935885609993,15.28,False,False
21.5,4.076894468328165,2.95,15.508486837605053,15.22,False,False
21.5,2.53383297058968,2.95,14.544495112939826,15.16,False,False
21.5,2.656904981576104,2.95,15.025645820595138,15.1,False,False
21.5,3.93322789988514,2.95,14.639944263904166,15.04,False,False
21.5,3.0140517770609514,2.95,14.75514414871284,14.99,False,False
21.5,3.0592118538355386,2.95,15.167331882626911,14.93,False,False
21.5,3.2333752854804545,2.95,14.611392156405488,14.87,False,False
21.5,2.2546356865846167,2.95,14.779039464318545,14.82,False,False
21.5,3.7121602857249,2.95,14.159376570443367,14.76,False,False
21.5,1.946638739187262,2.95,14.27658359110749,14.71,False,False
21.5,3.005208673869414,2.95,14.241204383675383,14.65,False,False
21.5,3.2327780271705464,2.95,14.377602988678962,14.6,False,False
21.5,3.7536442693055068,2.95,14.47324171372566,14.55,False,False
21.5,2.1507918030224973,2.95,14.479254470075087,14.5,False,False
21.5,2.749578958921668,2.95,14.631182485381725,14.44,False,False
21.5,3.281160883423978,2.95,13.362032772917747,14.39,False,False
21.5,3.3162366742265035,2.95,14.113291496908458,14.34,False,False
21.5,3.02925238998856,2.95,14.162546453453855,14.29,False,False
21.5,3.3282780052367,2.95,14.335877198556181,14.24,False,False
21.5,3.060174987754625,2.95,13.077655487218635,14.19,False,False
21.5,3.194028495156341,2.95,14.847426531349228,14.14,False,False
21.5,3.2761553198585696,2.95,13.72959495283656,14.09,False,False
21.5,3.3692986986628055,2.95,12.587757045622233,14.04,False,False
21.5,2.995352649833832,2.95,13.991939404630749,13.99,False,False
21.5,2.489492144617449,2.95,13.948214232226487,13.95,False,False
21.5,3.6840908483306647,2.95,13.433205875664706,13.9,False,False
21.5,3.4873748189501597,2.95,12.965040866767238,13.85,False,False
21.5,3.134606332841697,2.95,12.698549467286316,13.8,False,False
21.5,3.1948065516105686,2.95,14.53331468143633,13.76,False,False
21.5,2.3921583784170313,2.95,13.74466427938972,13.71,False,False
21.5,3.6113656634005435,2.96,13.13039030101913,13.67,False,False
21.5,3.39052987971675,2.96,13.473152169328971,13.62,False,False
21.5,3.3275337223745454,2.96,12.742216167464903,13.58,False,False
21.5,2.8142468338344466,2.96,13.553881727489035,13.53,False,False
21.5,3.2646546762353306,2.96,13.993068250195366,13.49,False,False
21.5,2.942570908016498,2.96,12.85233769417603,13.44,False,False
21.5,3.0538606608024477,2.96,13.530807250548246,13.4,False,False
21.5,3.1975399839644325,2.96,13.042864436149799,13.36,False,False
21.5,2.8775630592355634,2.96,13.528351150523505,13.32,False,False
21.5,2.6620192053914296,2.96,12.737036682750844,13.27,False,False
21.5,2.4633506056203025,2.96,12.889778379816574,13.23,False,False
21.5,2.597501360432292,2.96,13.39995682628571,13.19,False,False
21.5,2.691551831925414,2.96,12.372166169554292,13.15,False,False
21.5,2.685051163405903,2.96,12.960495536962222,13.11,False,False
21.5,1.811263193554531,2.96,12.55162226278593,13.07,False,False
21.5,3.0138383050031026,2.96,13.738589188370733,13.03,False,False
21.5,2.395218755659649,2.96,12.939140497506042,12.99,False,False
21.5,2.1420410621147106,2.96,12.57959755084824,12.95,False,False
21.5,2.522374638235385,2.96,13.38546423192694,12.92,False,False
21.5,2.889329381821023,2.96,12.418796412269268,12.88,False,False
21.5,4.068807886698735,2.96,13.529756964179773,12.84,False,False
21.5,2.673700118056107,2.96,12.289222316924116,12.8,False,False
21.5,2.4789060111618864,2.96,13.23192436760597,12.77,False,False
21.5,3.5924120162264366,2.96,12.337935943029855,12.73,False,False
21.5,2.390545113314318,2.96,12.336883816978444,12.69,False,False
21.5,3.4498786168382747,2.96,12.440106992764973,12.66,False,False
21.5,3.168750320821013,2.96,13.42350408224001,12.62,False,False
21.5,2.7771458155864406,2.96,12.766067946067437,12.59,False,False
21.5,3.340805179778528,2.96,13.188552268590776,12.55,False,False
21.5,3.334073132873737,2.96,13.488761331837928,12.52,False,False
21.5,3.1035558860311583,2.96,12.851585248509698,12.48,False,False
21.5,3.391296882491612,2.96,13.335856719759187,12.45,False,False
21.5,1.8099498997751626,2.96,11.34260160872795,12.42,False,False
21.5,2.95905907446188,2.96,12.247436480671366,12.39,False,False
21.5,1.8038120802453053,2.96,12.278193328503443,12.35,False,False
21.5,2.4438109352943256,2.96,11.494604000212103,12.32,False,False
21.5,2.79762022367467,2.97,11.902875629275512,12.29,False,False
21.5,2.3791098493769622,2.97,11.826547737454193,12.26,False,False
21.5,2.2198083432407367,2.97,11.985042120091242,12.23,False,False
21.5,2.947333025160116,2.97,12.03199305027454,12.2,False,False
21.5,2.649637149173071,2.97,12.029450352504861,12.17,False,False
21.5,2.611594293684774,2.97,11.606260527621357,12.14,False,False
21.5,3.4076902013756896,2.97,11.767912427150035,12.11,False,False
21.5,3.150338341344823,2.97,11.668519694349012,12.08,False,False
21.5,2.726034533228812,2.97,12.39809032194252,12.05,False,False
21.5,3.289731344677727,2.97,12.623185401915178,12.02,False,False
21.5,2.5481052783581686,2.97,11.405894302684054,12.0,False,False
21.5,2.78966720709865,2.97,12.178293750617017,11.97,False,False
21.5,2.9096731638535704,2.97,11.274321194908037,11.94,False,False
21.5,2.811891621628096,2.97,11.924010166431989,11.91,False,False
21.5,3.544728848896327,2.97,11.156340933576537,11.89,False,False
21.5,2.3815805409405844,2.97,12.982630062858918,11.86,False,False
21.5,2.702588780723132,2.97,11.910150723197836,11.84,False,False
21.5,2.5458617390194442,2.97,11.900250391409235,11.81,False,False
21.5,2.7827004873964225,2.97,12.136795903984767,11.79,False,False
21.5,3.252803302320684,2.97,11.727841554662113,11.76,False,False
21.5,2.457033735684294,2.97,11.437231410028932,11.74,False,False
21.5,2.688300447000466,2.97,12.258838531303603,11.71,False,False
21.5,2.870260130530708,2.97,11.739430957016811,11.69,False,False
21.5,3.559807743289767,2.97,11.664408008360715,11.67,False,False
21.5,3.244098347304354,2.97,10.925001821665012,11.64,False,False
21.5,2.7011404067565445,2.97,12.039510780022354,11.62,False,False
21.5,3.0842634108141147,2.97,11.03874333008617,11.6,False,False
21.5,3.3758010224953754,2.97,11.212104792095865,11.58,False,False
21.5,2.476233686369584,2.97,11.697060873370255,11.56,False,False
21.5,3.0842412616368895,2.97,12.069382950013788,11.54,False,False
21.5,3.372463602260826,2.97,12.418533928039928,11.51,False,False
21.5,2.133358672395847,2.97,11.517055159138094,11.49,False,False
21.5,2.262675168325735,2.97,12.108619509516444,11.47,False,False
21.5,2.862831822071927,2.97,10.054915427714871,11.45,False,False
21.5,2.133603307205643,2.97,11.14734310121673,11.43,False,False
21.5,2.9111014176797965,2.97,10.99105135365081,11.42,False,False
21.5,2.8984789664120933,2.97,11.119794773972261,11.4,False,False
21.5,3.3914367569238286,2.97,10.575668451130541,11.38,False,False
21.5,2.814615847408039,2.97,10.622527130006793,11.36,False,False
21.5,2.687069640447959,2.97,10.06611663008301,11.34,False,False
21.5,2.7639267059306896,2.97,10.926348741409106,11.32,False,False
21.5,2.6992097269544004,2.97,11.642781070790798,11.31,False,False
21.5,3.1000535419967647,2.97,11.098552594683065,11.29,False,False
21.5,2.8405312737643396,2.97,11.319852982796231,11.27,False,False
21.5,3.067860907252108,2.97,11.612715117911142,11.26,False,False
21.5,3.1884964042199626,2.97,11.203582410912482,11.24,False,False
21.5,3.0672201815605518,2.97,10.766210642033702,11.22,False,False
21.5,3.8996670111719247,2.97,11.15415408706675,11.21,False,False
21.5,2.2598531696587987,2.97,11.076100574843542,11.19,False,False
21.5,2.684299876900673,2.97,11.382281401478112,11.18,False,False
21.5,3.1414108709170523,2.97,11.073877887416822,11.16,False,False
21.5,2.7583300256284153,2.97,11.379432889256767,11.15,False,False
21.5,3.8112950144430897,2.97,11.123269176664074,11.13,False,False
21.5,3.1347934482625623,2.97,10.993387784163572,11.12,False,False
21.5,3.5662174603303365,2.97,11.160891283823267,11.11,False,False
21.5,3.189218083958843,2.97,11.556126931179696,11.09,False,False
21.5,3.4292543722140247,2.97,10.758358805335243,11.08,False,False
21.5,2.6044844852465228,2.97,11.665623902990715,11.07,False,False
21.5,3.325602325308149,2.97,11.269310626284172,11.05,False,False
21.5,3.3794786562260257,2.97,10.638887719002847,11.04,False,False
21.5,2.8319227124234447,2.97,10.897521362455027,11.03,False,False
21.5,2.982752206212818,2.97,10.566150379051521,11.02,False,False
21.5,2.9941085950245183,2.97,11.683225154682063,11.0,False,False
21.5,2.8452488643095784,2.97,10.494236533475744,10.99,False,False
21.5,3.549982890565907,2.97,11.074015841606922,10.98,False,False
21.5,3.045650864455191,2.97,10.53590681658775,10.97,False,False
21.5,2.923013578513297,2.97,10.61515080678904,10.96,False,False
21.5,3.1051155013230627,2.97,11.175341544397147,10.95,False,False
21.5,2.8272562564251755,2.97,11.319242911858714,10.94,False,False
21.5,3.409449143824989,2.97,10.885213397696397,10.93,False,False
21.5,3.039097851545658,2.97,10.938810766123552,10.92,False,False
21.5,3.535032411841724,2.97,10.54547029744139,10.91,False,False
21.5,3.253365986072375,2.97,10.604353033664454,10.9,False,False
21.5,2.596057687505811,2.97,11.156888348658876,10.89,False,False
21.5,3.2038177817243416,2.97,11.828605677705836,10.88,False,False
21.5,2.9910557020152364,2.97,10.918818286095888,10.87,False,False
21.5,2.673798294693053,2.97,11.170009039909417,10.86,False,False
21.5,3.114285127383914,2.97,10.613623188760092,10.85,False,False
21.5,2.712805034933336,2.97,10.610624795443307,10.84,False,False
21.5,3.326417429655332,2.97,11.277508647082001,10.83,False,False
21.5,2.667122150638353,2.97,11.960370720426846,10.82,False,False
21.5,3.1355009361817445,2.97,9.883958344274214,10.82,False,False
21.5,3.10216883516444,2.97,9.946712426982833,10.81,False,False
21.5,2.489565603187117,2.97,12.318476817124237,10.8,False,False
21.5,3.0768598866717323,2.97,10.705365067119272,10.79,False,False
21.5,1.7678130081652719,2.97,10.701244393821835,10.78,False,False
21.5,3.1832660569751905,2.97,11.218672209745373,10.78,False,False
21.5,2.2425925491167877,2.98,11.673121754484093,10.77,False,False
21.5,2.9547693325624658,2.98,10.32217179245524,10.76,False,False
21.5,2.594424166506604,2.98,10.50920970265615,10.75,False,False
21.5,2.309997528950036,2.98,10.937076876240507,10.75,False,False
21.5,3.0133044893726084,2.98,10.418491146076075,10.74,False,False
21.5,3.248247795835642,2.98,10.563533303745102,10.73,False,False
21.5,2.7514651377366817,2.98,11.199452404395933,10.73,False,False
21.5,3.1498882057943085,2.98,11.037247363263894,10.72,False,False
21.5,2.484996888528257,2.98,9.93632443563536,10.72,False,False
21.5,2.499969414963879,2.98,12.063332525826814,10.71,False,False
21.5,3.170645531126105,2.98,10.889238169294554,10.7,False,False
21.5,1.955976810524014,2.98,11.42600581209707,10.7,False,False
21.5,2.3531865785348787,2.98,11.20713484160877,10.69,False,False
21.5,2.775451736330651,2.98,11.512152343842196,10.69,False,False
21.5,3.0138744383224854,2.98,11.22231275986564,10.68,False,False
21.5,3.0792242716795193,2.98,10.221492498034609,10.68,False,False
21.5,2.7736079582685944,2.98,10.422970292569202,10.67,False,False
21.5,3.158961764806525,2.98,10.608571450609785,10.67,False,False
21.5,3.4752518764490357,2.98,10.72361929618632,10.66,False,False
21.5,3.288128819478252,2.98,10.184264137802874,10.66,False,False
21.5,2.7844040329335535,2.98,10.052229162122963,10.65,False,False
21.5,2.9979735981371154,2.98,10.592022984440764,10.65,False,False
21.5,2.849776637254163,2.98,9.684338692572041,10.64,False,False
21.5,2.482131189004133,2.98,10.304688762088167,10.64,False,False
21.5,2.7512114747614476,2.98,10.655433148505455,10.63,False,False
21.5,2.111301744786552,2.98,10.002009476313455,10.63,False,False
21.5,3.8598972920909143,2.98,9.856179402988266,10.62,False,False
21.5,2.756606931704478,2.98,10.058454784657854,10.62,False,False
21.5,2.235417714846927,2.98,10.78327329119316,10.62,False,False
21.5,2.6457069449395205,2.98,10.754136654564045,10.61,False,False
21.5,2.906270223769076,2.98,11.149415316967445,10.61,False,False
21.5,2.391039392070506,2.98,10.79398463903066,10.6,False,False
21.5,2.6991987566076965,2.98,11.141966765897307,10.6,False,False
21.5,2.854287312287916,2.98,9.815964111737117,10.6,False,False
21.5,2.886536707469512,2.98,10.602567238713972,10.59,False,False
21.5,3.134245309930725,2.98,10.183586161541456,10.59,False,False
21.5,2.7037924790566397,2.98,9.68703220624726,10.59,False,False
21.5,3.9484381158506427,2.98,11.249169811578229,10.58,False,False
21.5,2.897079936194078,2.98,10.795679337713993,10.58,False,False
21.5,3.7544270274607916,2.98,10.593304424451937,10.58,False,False
21.5,3.6094169943954597,2.98,11.197167521620838,10.57,False,False
21.5,2.5739761101662113,2.98,10.42852535932654,10.57,False,False
21.5,2.381565034469865,2.98,10.709012552797752,10.57,False,False
21.5,2.3638876940410656,2.98,10.367194146035816,10.56,False,False
21.5,3.150413790499565,2.98,9.785035387979603,10.56,False,False
21.5,3.854124545558552,2.98,10.0582508075352,10.56,False,False
21.5,3.669964206013918,2.98,10.232546254488094,10.56,False,False
21.5,2.9029106446146984,2.98,11.289918095607028,10.55,False,False
21.5,2.5450183931385864,2.98,10.448404100531894,10.55,False,False
21.5,2.8316158981233186,2.98,10.18924202829537,10.55,False,False
21.5,2.800464096125498,2.98,10.347422925884208,10.55,False,False
21.5,3.9637345199813385,2.98,9.656308663889,10.54,False,False
21.5,2.7248267073794463,2.98,10.460700948079323,10.54,False,False
21.5,2.834773853088078,2.98,11.752881716189156,10.54,False,False
21.5,2.8522132272192118,2.98,10.666750300467303,10.54,False,False
21.5,3.3482093229060905,2.98,9.66310861009632,10.53,False,False
21.5,2.501344638459695,2.98,10.567118876060709,10.53,False,False
21.5,3.2743216275919464,2.98,10.532404885066004,10.53,False,False
21.5,3.3423841963060132,2.98,10.84616383362894,10.53,False,False
21.5,3.1140348893912133,2.98,10.912885824540277,10.53,False,False
21.5,3.128273169072259,2.98,11.011316805885526,10.52,False,False
21.5,1.1137881617482925,2.98,11.334242092848678,10.52,False,False
21.5,2.8419290556498447,2.98,10.42171695709951,10.52,False,False
21.5,3.1196786648572217,2.98,10.720744693061482,10.52,False,False
21.5,3.04880388009023,2.98,11.186195260844125,10.52,False,False
21.5,2.996092153293576,2.98,10.013975505041353,10.51,False,False
21.5,3.7123586029451516,2.98,10.13295057765937,10.51,False,False
21.5,2.9387209135179413,2.98,9.324420152138478,10.51,False,False
21.5,2.9193256351873456,2.98,10.287211159054916,10.51,False,False
21.5,2.968489652324198,2.98,10.755402545865117,10.51,False,False
21.5,3.47405544731974,2.98,10.693558110919506,10.51,False,False
21.5,3.2277554996006472,2.98,11.140250922457547,10.5,False,False
21.5,2.535206837658041,2.98,10.891929619101896,10.5,False,False
21.5,3.899733153908497,2.98,9.959166883979794,10.5,False,False
21.5,3.161305107711572,2.98,10.27265412268108,10.5,False,False
21.5,3.2878169719602193,2.98,9.915895500745483,10.5,False,False
21.5,2.579762453959304,2.98,11.333724781523074,10.5,False,False
21.5,2.918019913412019,2.98,9.802903100710546,10.5,False,False
21.5,2.8848758195379034,2.98,11.032600503684884,10.49,False,False
21.5,1.9006511629972824,2.98,11.157257761644443,10.49,False,False
21.5,3.06505887623149,2.98,10.143578147036914,10.49,False,False
21.5,2.9290808041569947,2.98,10.622486354039577,10.49,False,False
