sp,h1_switch,h2_switch,h1_sensor,h2_sensor,q,h1_serial,h2_serial
10.3644,True,True,2.0809277654489953,9.995613450735677,21.5,2.97,10.37
10.3644,True,True,3.493724425189135,9.752729855969624,21.5,2.62,10.03
10.3644,True,True,3.4884183164528846,9.978877028167192,22.0,2.73,9.81
10.3644,True,True,3.4955474719322095,10.659091311824128,22.35,3.46,9.98
10.3644,True,True,2.109389390202134,11.387740397194131,22.1,3.53,10.63
10.3644,True,True,2.064293754624709,9.622703841277474,21.5,3.03,11.34
10.3644,True,True,2.8166861417629483,10.490919394947797,21.5,2.04,9.77
10.3644,True,True,3.8548372588534505,10.299762879180284,22.39,2.66,10.47
10.3644,True,True,2.991177901310908,10.072201551227753,21.5,3.2,10.34
10.3644,True,True,2.415910665292524,10.03173825960713,21.54,3.36,10.07
10.3644,True,True,4.243381578483,11.031963191283552,21.95,2.8,10.05
10.3644,True,True,3.2108969501542632,9.859216357971848,21.99,3.33,10.99
10.3644,True,True,3.5468737164846136,10.982893626125382,21.5,3.49,9.92
10.3644,True,True,3.433494941663097,10.84703853749629,22.18,3.47,10.91
10.3644,True,True,2.8124312556589217,11.53719899138777,21.5,3.4,10.85
10.3644,True,True,2.264523973611469,9.939675512498638,21.5,3.23,11.47
10.3644,True,True,3.3832322859588,11.181144135261814,21.5,2.44,10.05
10.3644,True,True,2.934863534260496,10.659199908906585,21.98,2.98,11.12
10.3644,True,True,3.4401506854395656,9.57076801218003,21.5,3.09,10.68
10.3644,True,True,2.9526944954310794,9.779895499145246,21.5,2.96,9.65
10.3644,True,True,3.306575170947706,9.976604041342421,22.57,3.24,9.77
10.3644,True,True,2.3004514033802828,10.721339861698816,22.4,3.16,10.0
10.3644,True,True,3.1825712473812664,10.677111196683493,22.06,3.04,10.69
10.3644,True,True,3.800723358977814,10.292775447423292,21.5,2.75,10.7
10.3644,True,True,3.763108084939178,10.131814138691702,21.5,3.3,10.31
10.3644,True,True,3.257594788330708,9.374786673014006,21.59,3.61,10.13
10.3644,True,True,3.1153978799804896,10.15287511931349,21.87,3.34,9.43
10.3644,True,True,2.6524896051737423,10.956138564914001,22.93,3.31,10.12
10.3644,True,True,2.617480940172844,10.279840380557369,21.9,3.09,10.94
10.3644,True,True,2.881760530497449,10.115636097475281,21.5,2.62,10.34
10.3644,True,True,3.5496987381313394,9.77151421624645,21.56,2.76,10.14
10.3644,True,True,3.154143442815528,10.667374450670756,21.86,3.09,9.81
10.3644,True,True,3.60383317361386,10.813834732847091,22.37,3.47,10.61
10.3644,True,True,4.09769367923856,10.202513350350877,21.5,3.32,10.82
10.3644,True,True,3.0171544384040834,10.699428440247605,21.5,3.57,10.23
10.3644,True,True,3.6455679431040293,10.251241650751572,21.73,3.59,10.65
10.3644,True,True,3.2675284544481555,11.13012506298301,21.5,3.17,10.28
10.3644,True,True,2.5100207268093637,11.902456044404353,21.65,3.52,11.06
10.3644,True,True,3.2481399804540105,10.97351950835543,21.5,3.07,11.84
10.3644,True,True,2.951261513260912,10.806507760006863,21.5,2.72,11.02
10.3644,True,True,3.4747012913758706,10.75133924664142,21.5,3.07,10.8
10.3644,True,True,3.26856109517527,10.317106664581948,21.5,3.13,10.75
10.3644,True,True,2.3661277964354492,10.607727324982815,21.5,3.25,10.33
10.3644,True,True,3.2076020296358054,9.798634554783796,21.55,2.94,10.58
10.3644,True,True,2.9387809112975463,9.577517467998392,21.5,2.67,9.88
10.3644,True,True,2.015567768005192,10.00004046134873,22.23,3.06,9.61
10.3644,True,True,3.977565571353061,9.812356774820378,22.65,2.74,10.01
10.3644,True,True,3.185109246120533,9.849596860563722,22.05,2.9,9.89
10.3644,True,True,3.3977556959757984,10.146846333941324,22.23,3.55,9.85
10.3644,True,True,2.612382384815835,9.840308307568712,22.3,3.3,10.15
10.3644,True,True,2.834652919188622,11.004265487571347,21.86,3.03,9.88
10.3644,True,True,2.337073281996281,9.671846065928253,22.27,2.96,10.95
18.8644,True,True,2.2813320010618874,11.078337665939484,21.5,2.52,9.79
18.8644,True,True,3.410425028362028,10.860270209751016,34.0,3.06,11.06
18.8644,True,True,2.726109595135991,10.890869341227942,33.43,3.34,11.07
18.8644,True,True,3.7164659109250513,9.924263781277126,33.54,3.65,11.06
18.8644,True,True,2.9477182304099503,11.493790981939428,33.67,3.54,10.21
18.8644,True,True,5.154196795625986,9.39464028071161,34.0,4.12,11.57
18.8644,True,True,4.729100174922926,11.109273923859092,33.15,3.95,9.77
18.8644,True,True,5.067942979855296,9.960118865910935,34.0,5.45,11.2
18.8644,True,True,5.792232680758989,10.961378858427777,33.96,4.93,10.24
18.8644,True,True,5.02545793763524,11.257238366128886,34.0,5.7,11.1
18.8644,True,True,5.7890038733002465,11.099896256607257,34.0,5.66,11.41
18.8644,True,True,5.059062324839523,10.787260289522669,34.0,5.49,11.28
18.8644,True,True,5.211865820243657,10.797639329052654,34.0,5.57,10.98
18.8644,True,True,6.1049117549082395,11.273570151339324,34.0,5.32,10.98
18.8644,True,True,5.0996956027999225,11.59173020719141,34.0,5.8,11.43
18.8644,True,True,5.002265614280954,11.48638982053953,34.0,5.85,11.73
18.8644,True,True,5.3869804851777365,12.393452637654566,34.0,5.25,11.65
18.8644,True,True,5.653675218168291,11.627878080315345,34.0,5.51,12.48
18.8644,True,True,5.996734892984012,11.969978889788347,33.17,5.5,11.82
18.8644,True,True,6.204863875943405,12.14957080523527,34.0,5.96,12.1
18.8644,True,True,5.6407025113875715,12.657878662780973,33.95,6.19,12.29
18.8644,True,True,5.8612078199043935,11.818720936884075,33.76,6.13,12.77
18.8644,True,True,6.291791131073257,13.327692208599867,33.14,5.69,12.01
18.8644,True,True,6.591457194549724,12.975794603823191,34.0,6.37,13.38
18.8644,True,True,5.617032982297494,13.098224483934866,32.42,6.36,13.13
18.8644,True,True,7.631461451839984,13.279301508975605,32.87,6.23,13.2
18.8644,True,True,6.821182679796293,13.132484370162377,32.85,6.51,13.4
18.8644,True,True,7.306671020352082,13.016281977023628,32.64,7.18,13.28
18.8644,True,True,6.330576202541797,13.80922749968792,32.9,6.95,13.16
18.8644,True,True,6.694332782309741,12.737378600598635,33.16,7.0,13.9
18.8644,True,True,6.418382187080097,13.13770533668195,32.14,6.29,12.92
18.8644,True,True,6.22800944553011,13.020311636741809,33.69,6.65,13.23
18.8644,True,True,6.810464783601081,13.666411893868323,33.3,6.35,13.15
18.8644,True,True,6.631837312615892,13.942674477769666,33.51,6.61,13.76
18.8644,True,True,6.506938483612095,14.274075194637552,32.69,6.76,14.05
18.8644,True,True,6.384250763949193,14.240046250232687,32.31,6.62,14.37
18.8644,True,True,6.625816070703757,14.414406757421519,31.91,6.44,14.34
18.8644,True,True,6.6672514802917275,14.241278441947614,32.02,6.5,14.5
18.8644,True,True,5.80624500684217,14.80199058341604,31.85,6.58,14.35
18.8644,True,True,6.288356856210603,15.01333648719133,32.14,6.41,14.86
18.8644,True,True,6.811837746534957,14.60998216071396,31.44,6.07,15.09
18.8644,True,True,7.16144855518857,15.816645872022544,31.16,6.4,14.72
18.8644,True,True,7.686936322021542,14.955193728189476,31.77,7.1,15.86
18.8644,True,True,5.367657884601466,15.022873989619356,30.12,7.1,15.11
18.8644,True,True,5.86424885938205,14.20052041265714,31.28,6.66,15.09
18.8644,True,True,6.084810383780486,15.43034961167031,31.38,5.5,14.3
18.8644,True,True,7.411001609702868,15.567780074378902,32.62,6.22,15.44
18.8644,True,True,6.202758999741331,15.12593535039761,30.98,6.62,15.67
18.8644,True,True,7.459720516981845,15.328707639607474,30.68,6.74,15.23
18.8644,True,True,6.651553596975554,15.175229686205654,31.38,6.71,15.4
18.8644,True,True,7.414943329595287,16.303455676297823,31.19,7.01,15.28
18.8644,True,True,5.97072268007381,15.212892359823659,31.42,7.1,16.35
18.8644,True,True,6.333108800467913,15.565380309855586,29.86,6.53,15.35
18.8644,True,True,6.052146434873194,15.17006789521201,31.4,6.18,15.6
18.8644,True,True,6.50019587164918,16.150002154033842,31.09,6.14,15.26
18.8644,True,True,5.968050303367659,15.4110220797825,31.64,6.41,16.17
18.8644,True,True,6.542828642509782,16.153812901703542,30.32,6.12,15.52
18.8644,True,True,6.684740667948901,14.77236803539014,31.34,6.33,16.17
18.8644,True,True,4.983747645998449,15.721710550010675,30.41,6.31,14.92
18.8644,True,True,6.408149867887375,15.645941224594438,32.34,6.16,15.72
18.8644,True,True,6.1745844085546056,16.365336890002794,31.19,5.64,15.72
18.8644,True,True,4.850471361528809,16.246765616774926,31.25,6.42,16.4
18.8644,True,True,6.648623247900837,16.620536723296766,30.26,5.63,16.3
18.8644,True,True,5.949672985862215,16.477159511542464,30.45,5.7,16.64
18.8644,True,True,5.965104433293664,16.427179273169884,29.97,6.28,16.54
18.8644,True,True,6.010502784646725,16.15093246507047,30.15,5.93,16.47
18.8644,True,True,6.651056866460174,16.599758038368506,30.3,5.92,16.21
18.8644,True,True,6.309746749075856,17.62568767157646,30.73,6.33,16.63
18.8644,True,True,6.725122041643274,16.790381377097344,30.13,6.62,17.65
18.8644,True,True,5.776884537714645,16.767513147702505,28.62,6.24,16.89
18.8644,True,True,5.838568824570747,17.01751402377752,29.79,6.25,16.8
18.8644,True,True,5.594668180775012,15.939812202824104,29.95,5.84,17.04
18.8644,True,True,6.055205548651127,16.369493466510416,29.63,5.55,16.02
18.8644,True,True,6.07231101782146,16.23645973982688,31.19,5.89,16.38
18.8644,True,True,5.913270260571314,16.53795225931007,30.7,6.04,16.3
18.8644,True,True,6.256285617106402,17.012102181396475,30.85,6.06,16.57
18.8644,True,True,5.089936178506888,16.638183539958728,30.48,6.13,17.05
18.8644,True,True,5.461205324287908,17.197480627541136,29.8,5.7,16.69
18.8644,True,True,5.983615227699921,16.710485586751922,30.36,5.4,17.19
18.8644,True,True,6.282685951267752,17.27269027460518,29.65,5.6,16.77
18.8644,True,True,6.500591891937625,16.660071394040507,30.3,6.18,17.29
18.8644,True,True,5.7790445180805206,16.990750530293617,29.55,6.21,16.74
18.8644,True,True,5.897752448985145,16.5929072445921,30.39,6.22,17.01
18.8644,True,True,5.867040964990844,17.410477603992057,30.02,5.76,16.65
18.8644,True,True,6.202676217736239,18.083959997169845,30.6,6.03,17.41
18.8644,True,True,6.505098941714489,17.430244282218602,29.48,6.09,18.11
18.8644,True,True,7.186356447499914,17.059602099559694,28.45,6.12,17.51
18.8644,True,True,6.625667505011564,17.084695206544826,29.37,6.61,17.12
18.8644,True,True,5.707595416398937,17.913385206321216,29.97,6.85,17.15
18.8644,True,True,5.478928159145537,17.74332785913991,29.96,6.33,17.93
18.8644,True,True,5.737923966231095,17.39317129178063,28.81,5.57,17.78
18.8644,True,True,5.167029424518831,17.90865756514844,29.04,5.51,17.42
18.8644,True,True,5.964217632963492,16.89943019085901,29.6,5.59,17.9
18.8644,True,True,5.766953541414529,16.50035564127711,28.9,5.33,16.96
18.8644,True,True,6.490105105036747,18.502483104679047,30.33,5.8,16.53
18.8644,True,True,5.530996661490847,17.55001189108162,31.0,6.41,18.46
18.8644,True,True,6.464128280841478,17.3851630139366,28.13,5.85,17.65
18.8644,True,True,5.6045720694876335,17.764892374926774,29.36,5.85,17.41
18.8644,True,True,6.427929988004021,17.285758467657082,29.75,6.12,17.78
18.8644,True,True,6.276406087124873,17.85360410057007,29.2,5.83,17.34
18.8644,True,True,5.425453845415452,17.500839091091134,29.88,6.4,17.87
18.8644,True,True,6.387338439481016,17.949155319337464,29.11,5.82,17.55
18.8644,True,True,6.678196346658897,18.253699365831018,29.6,5.88,17.95
18.8644,True,True,5.71934720248916,17.76049693607775,29.02,6.47,18.3
18.8644,True,True,5.373845918130526,18.514943196334755,28.51,6.1,17.82
18.8644,True,True,5.446581469977927,18.599080505555968,29.24,5.69,18.49
18.8644,True,True,5.624555314185701,17.888543245950927,28.24,5.4,18.61
18.8644,True,True,6.0834464450420835,17.81023460900694,28.07,5.36,17.92
18.8644,True,True,6.214118749692958,17.5978877723209,29.11,5.76,17.82
18.8644,True,True,5.863778474862993,17.68831675081291,29.28,6.04,17.64
18.8644,True,True,5.162321484567879,17.759578005685896,29.57,6.04,17.72
18.8644,True,True,5.881436882145401,18.720834195488198,29.47,5.58,17.78
18.8644,True,True,5.857058813099084,18.112727152259776,29.4,5.64,18.7
18.8644,True,True,4.252452778583322,18.22957344242357,28.03,5.7,18.17
18.8644,True,True,5.669197528514409,18.17104225933162,28.82,5.21,18.21
18.8644,True,True,5.07937004574123,18.53550371884528,28.77,4.89,18.16
18.8644,True,True,5.875525514849916,18.027798544748684,28.86,5.48,18.53
18.8644,True,True,5.157930853068554,18.17609395801686,28.32,5.31,18.06
18.8644,True,True,5.5217122713313,18.73815985276567,29.03,5.58,18.17
18.8644,True,True,5.52973493444112,18.605562719143943,28.86,5.41,18.72
18.8644,True,True,5.862976092770301,18.875824574076816,28.05,5.47,18.63
18.8644,True,True,5.9409962844454585,18.2199887548212,28.2,5.66,18.87
18.8644,True,True,5.29896335921225,17.855847578917167,27.82,5.7,18.27
18.8644,True,True,4.709655545452375,18.083554474541806,28.74,5.57,17.87
18.8644,True,True,5.399983182698827,17.87034129541666,29.35,5.13,18.06
18.8644,True,True,5.546423462694937,17.468621611872887,29.07,5.02,17.88
18.8644,True,True,5.77045752272374,18.499875183884754,29.37,5.4,17.49
18.8644,True,True,5.631206266457814,18.523111462588304,29.96,5.82,18.47
18.8644,True,True,5.253585503219671,17.929345324911306,28.5,5.68,18.56
18.8644,True,True,5.943066099925854,18.29986985621197,28.38,5.35,17.96
18.8644,True,True,6.081987484332935,18.120475657746418,29.29,5.59,18.29
18.8644,True,True,6.224305317899423,18.268979427479184,28.81,5.91,18.16
18.8644,True,True,6.302158417437683,18.244778858174865,29.0,6.1,18.29
18.8644,True,True,5.623391927342102,17.601856068821682,28.81,6.17,18.29
18.8644,True,True,6.411019821550854,18.489116031134042,28.84,5.85,17.65
18.8644,True,True,4.968756629201707,18.526931267146676,29.8,6.07,18.47
18.8644,True,True,5.4425281346289145,18.973340869687476,28.58,5.77,18.56
18.8644,True,True,5.068149743242401,17.984126673893762,28.46,5.25,18.95
18.8644,True,True,4.829051000355658,18.03789689334046,27.87,5.1,18.02
18.8644,True,True,5.494880881591122,18.205620962476424,29.27,5.02,18.01
18.8644,True,True,5.865711140689642,18.206783074766264,29.3,5.18,18.2
18.8644,True,True,5.509793685526127,18.077840033913883,29.03,5.63,18.23
18.8644,True,True,4.722188166389338,18.41428641349657,29.0,5.67,18.1
18.8644,True,True,5.126515820957842,18.05273210270541,29.2,5.26,18.4
18.8644,True,True,5.07841714520622,18.786947352256085,28.76,4.89,18.06
18.8644,True,True,4.955558755268584,18.436833495587237,29.28,5.27,18.75
18.8644,True,True,5.62145164236637,18.59945653879931,28.25,4.99,18.45
18.8644,True,True,5.253746028150429,17.25794975631557,28.7,5.27,18.58
18.8644,True,True,5.108931359883035,19.029193722309962,28.51,5.22,17.32
18.8644,True,True,5.387387797223518,17.986842506911003,30.42,5.54,18.94
18.8644,True,True,5.935949000975627,17.99869263707825,28.0,5.06,18.05
18.8644,True,True,5.494781166504015,18.256068743007255,29.34,5.6,18.0
18.8644,True,True,4.872343921336201,18.559071831677365,29.43,5.78,18.27
18.8644,True,True,5.567943233645899,18.425097119742645,29.04,5.31,18.55
18.8644,True,True,5.44535410677644,18.331732886695903,28.62,5.16,18.43
18.8644,True,True,6.468690184656765,18.679682680254743,28.8,5.48,18.34
18.8644,True,True,5.898456985044495,18.660467560347428,28.94,5.89,18.69
18.8644,True,True,6.085859783585025,18.82411233526719,28.43,6.14,18.7
18.8644,True,True,5.887614723820639,19.435925105076556,28.41,5.93,18.84
18.8644,True,True,5.066185272954345,19.299894292939577,28.2,6.03,19.44
18.8644,True,True,6.5293569252157235,18.70360334097013,27.3,5.46,19.31
18.8644,True,True,5.333914627086473,18.315631200125896,27.48,5.5,18.73
18.8644,True,True,5.112671412850477,18.854609244875004,28.36,5.87,18.34
18.8644,True,True,4.5974543847575156,18.746576036389275,28.94,5.34,18.82
18.8644,True,True,5.827622472272629,18.403873403804457,28.22,4.91,18.74
18.8644,True,True,5.7825102220918705,18.493769897013745,28.35,5.07,18.4
18.8644,True,True,5.049266865333494,19.868494119679408,28.86,5.78,18.5
18.8644,True,True,5.704974000566317,19.098065000588175,28.72,5.69,19.82
18.8644,True,True,5.257945862449798,18.86523292140543,26.73,5.14,19.13
18.8644,True,True,6.6679349398141605,18.87314834857734,27.76,5.41,18.86
18.8644,True,True,5.658228064666436,18.182074447755564,28.17,5.78,18.88
18.8644,True,True,5.197402380131449,19.04604389293514,28.13,6.02,18.24
18.8644,True,True,5.171506747220038,18.204740490645676,29.1,5.6,19.01
18.8644,True,True,6.252506910517296,18.12026993175017,27.95,5.04,18.24
18.8644,True,True,4.7208698502008,18.463042937004047,29.11,5.58,18.12
18.8644,True,True,5.386634689154281,18.970840148426248,29.29,5.66,18.46
18.8644,True,True,5.350450096043396,17.42404852668201,28.79,5.13,18.94
18.8644,True,True,5.346106057896095,18.550051004206473,28.07,5.09,17.49
18.8644,True,True,5.245441795611587,18.532815895895038,30.26,5.57,18.49
18.8644,True,True,5.29737629194067,18.21921683445461,28.78,5.32,18.55
18.8644,True,True,4.844821619498593,17.973216246936847,28.69,5.22,18.23
18.8644,True,True,4.562401271531476,18.77792039674974,29.18,5.1,17.97
18.8644,True,True,4.972806899361439,18.145857381613833,29.58,4.95,18.72
18.8644,True,True,5.3931309440034525,18.29852834251685,28.46,4.7,18.16
18.8644,True,True,4.626058542255457,18.757688978643234,29.31,5.21,18.28
18.8644,True,True,5.7830996991595605,18.470165510674523,29.14,5.19,18.73
18.8644,True,True,3.972613489861834,18.430894663848434,28.46,5.08,18.48
18.8644,False,True,5.271206204601633,18.18476029320137,28.85,5.47,18.43
18.8644,False,True,5.681517415308322,18.675441457605068,28.92,5.22,18.19
18.8644,False,True,4.84196075104594,17.77461410871142,29.3,5.46,18.66
18.8644,False,True,5.369794713478916,19.09203082144249,28.61,5.17,17.82
18.8644,False,True,5.683578037451367,18.154430659014714,29.87,5.58,19.03
18.8644,False,False,5.077762084608437,18.72327039396376,28.06,5.32,19.05
18.8644,False,False,6.3425164945140695,17.646447926384287,28.03,5.44,19.05
18.8644,False,False,4.98491525438585,18.061980218843587,28.03,5.34,19.04
18.8644,False,False,4.9560608532242565,18.561610593190476,28.03,5.36,19.04
18.8644,False,False,4.938576319099663,18.153278958993933,28.04,5.32,19.03
18.8644,False,False,4.473371856447567,19.028916612199943,28.04,5.32,19.03
18.8644,False,False,4.757748006706522,17.93811998660136,28.05,5.3,19.02
18.8644,False,False,5.247562116806243,17.377487483888196,28.06,5.29,19.01
18.8644,False,False,4.986764458246444,18.2398953664178,28.07,5.27,19.0
18.8644,False,False,4.950900173731705,17.858673129204643,28.08,5.26,18.99
18.8644,False,False,4.768211788753821,19.128398170664774,28.09,5.25,18.98
18.8644,False,False,5.117538290025481,17.939966795066706,28.1,5.24,18.97
18.8644,False,False,5.333541643992817,18.39418281666251,28.12,5.23,18.96
18.8644,False,False,4.970859215033089,18.187427471733255,28.13,5.22,18.95
18.8644,False,False,4.839024398318346,18.82476541158937,28.14,5.21,18.94
18.8644,False,False,5.525716691593809,18.859263630791705,28.16,5.2,18.93
18.8644,False,False,5.485447241456665,17.763852106010155,28.17,5.2,18.92
18.8644,False,False,5.441722334982851,17.69083235948563,28.19,5.19,18.91
18.8644,False,False,5.469594328302776,18.66321179908159,28.2,5.19,18.9
18.8644,False,False,5.962815562262793,18.312393232588732,28.22,5.18,18.89
18.8644,False,False,5.586774683537624,18.578339692732822,28.23,5.18,18.88
18.8644,False,False,4.571638804858272,18.806671547752117,28.25,5.18,18.87
18.8644,False,False,4.488699408991382,19.018498331360863,28.27,5.18,18.86
18.8644,False,False,4.53964666610535,18.548707386391715,28.28,5.18,18.85
18.8644,False,False,5.28082054245782,17.407795020128745,28.3,5.17,18.83
18.8644,False,False,5.771758727621326,19.099806923154137,28.32,5.17,18.82
18.8644,False,False,5.099420017323215,18.083135010856665,28.33,5.17,18.81
18.8644,False,False,4.76233310431807,18.105014526818515,28.35,5.17,18.8
18.8644,False,False,5.803000000225922,18.34221809990057,28.37,5.17,18.79
18.8644,False,False,4.835366079337162,17.762959499649007,28.38,5.18,18.78
18.8644,False,False,5.569119945145713,19.136289097075796,28.4,5.18,18.77
18.8644,False,False,5.281447356700049,18.02697158164559,28.42,5.18,18.76
18.8644,False,False,5.0128417099026255,19.340194310817996,28.43,5.18,18.75
12.3644,False,False,4.405602855451922,18.413349037554834,28.45,5.18,18.74
12.3644,False,False,4.361594065976331,18.42267690267701,21.5,5.0,18.79
12.3644,False,False,4.272174383958085,18.355095696411055,21.5,4.85,18.77
12.3644,False,False,4.783737580309844,18.77540088355914,21.5,4.68,18.74
12.3644,False,False,4.505738802787246,18.074640129253115,21.5,4.54,18.71
12.3644,False,False,4.209600380160499,18.40325082694359,21.5,4.4,18.67
12.3644,False,False,3.514174095875608,18.25231575958005,21.5,4.28,18.62
12.3644,False,False,4.482740663921457,18.337211931049133,21.5,4.16,18.57
12.3644,False,False,4.1421201481381456,19.528417034881965,21.5,4.05,18.52
12.3644,False,False,4.292008914112765,17.96313077452051,21.5,3.95,18.46
12.3644,False,False,4.2612785777929885,18.37156881931674,21.5,3.86,18.4
12.3644,False,False,4.0313000047169805,17.2402972659355,21.5,3.77,18.33
12.3644,False,False,3.6506807687607545,17.24870916713764,21.5,3.69,18.26
12.3644,False,False,3.593351104391277,17.76487047578541,21.5,3.62,18.19
12.3644,False,False,3.697450447753354,18.457383984254076,21.5,3.56,18.12
12.3644,False,False,2.987899170179807,17.692839245877483,21.5,3.5,18.04
12.3644,False,False,4.167909040633679,17.859258740598463,21.5,3.44,17.97
12.3644,False,False,3.2357875726051972,17.304100160316985,21.5,3.39,17.89
12.3644,False,False,3.1814715592835836,17.067591810868347,21.5,3.35,17.82
12.3644,False,False,3.4504083334074767,17.857483287418333,21.5,3.31,17.74
12.3644,False,False,3.455508880442465,17.448625007715503,21.5,3.27,17.66
12.3644,False,False,2.983815973709526,16.560730642261472,21.5,3.24,17.58
12.3644,False,False,3.248788698457809,17.109374272847123,21.5,3.21,17.5
12.3644,False,False,3.184697080720641,17.36454083422808,21.5,3.18,17.43
12.3644,False,False,2.9772345153738335,17.49718376039342,21.5,3.16,17.35
12.3644,False,False,3.323938600807758,17.48829938004199,21.5,3.14,17.27
12.3644,False,False,2.2418649024843083,15.759869713489575,21.5,3.12,17.19
12.3644,False,False,2.79217469537635,15.881478017252743,21.5,3.1,17.12
12.3644,False,False,3.1946922450115607,16.054205078643594,21.5,3.08,17.04
12.3644,False,False,2.3674771154379792,16.89705726867542,21.5,3.07,16.97
12.3644,False,False,2.9544739859563856,16.84673159295716,21.5,3.05,16.89
12.3644,False,False,3.4375654740669863,17.32024144443606,21.5,3.04,16.82
12.3644,False,False,2.5845091809778866,16.239338054886364,21.5,3.03,16.74
12.3644,False,False,3.485002633994438,16.304538400430683,21.5,3.02,16.67
12.3644,False,False,3.2421944761057286,16.457396968846812,21.5,3.02,16.6
12.3644,False,False,3.012957032380575,16.591899995135012,21.5,3.01,16.52
12.3644,False,False,3.129742693726374,16.47783582169783,21.5,3.0,16.45
12.3644,False,False,2.8366820610614467,15.198146158515168,21.5,3.0,16.38
12.3644,False,False,3.1068649143561835,15.033496749369808,21.5,2.99,16.31
12.3644,False,False,3.127877638633768,16.015085559307828,21.5,2.99,16.24
12.3644,False,False,2.3601453299176267,15.994563057695498,21.5,2.98,16.18
12.3644,False,False,2.3680272813021244,15.75987401359405,21.5,2.98,16.11
12.3644,False,False,2.930484209091919,14.889068109247091,21.5,2.97,16.04
12.3644,False,False,3.9734700320462246,15.461617860923296,21.5,2.97,15.98
12.3644,False,False,2.295526856279629,15.033914845453785,21.5,2.97,15.91
12.3644,False,False,2.72284136561084,15.797982204036678,21.5,2.97,15.84
12.3644,False,False,2.071094384016579,14.612467504195441,21.5,2.96,15.78
12.3644,False,False,3.1801223878443645,14.46704995247618,21.5,2.96,15.72
12.3644,False,False,3.7490158073239006,15.8806016154392,21.5,2.96,15.65
12.3644,False,False,2.285956949270506,15.373157460891766,21.5,2.96,15.59
12.3644,False,False,3.200380241567524,15.524749710585104,21.5,2.96,15.53
12.3644,False,False,3.1442557927890387,14.133216858206268,21.5,2.96,15.47
12.3644,False,False,2.988743507997968,13.839624417974704,21.5,2.96,15.41
12.3644,False,False,2.5553308431192856,14.025639016127643,21.5,2.95,15.35
12.3644,False,False,3.5943226457429684,13.842960261040124,21.5,2.95,15.29
12.3644,False,False,2.2090105281824,14.197771673965187,21.5,2.95,15.23
12.3644,False,False,2.9203357079137797,14.360396212907562,21.5,2.95,15.17
12.3644,False,False,3.7214890342938496,14.487656873306447,21.5,2.95,15.11
12.3644,False,False,3.0037026204016843,13.81070474934852,21.5,2.95,15.05
12.3644,False,False,2.513506918860408,13.514946536597694,21.5,2.95,15.0
12.3644,False,False,3.241406417275842,14.52686186145662,21.5,2.95,14.94
12.3644,False,False,2.690034266179808,13.918885513799212,21.5,2.95,14.88
12.3644,False,False,3.0367920390358623,14.98424589805091,21.5,2.95,14.83
12.3644,False,False,3.6205029893693927,14.360562459111225,21.5,2.95,14.77
12.3644,False,False,2.6717037404908286,14.114365312145438,21.5,2.95,14.72
12.3644,False,False,3.107411284245638,13.725173372013975,21.5,2.95,14.66
12.3644,False,False,2.5305135100183174,14.069319137506705,21.5,2.95,14.61
12.3644,False,False,3.4155932347496782,14.174310472542471,21.5,2.95,14.56
12.3644,False,False,3.4634522630922473,14.758631818643531,21.5,2.95,14.5
12.3644,False,False,2.73605703934395,13.618284929355017,21.5,2.95,14.45
12.3644,False,False,2.481372269417552,13.179844944888892,21.5,2.95,14.4
12.3644,False,False,4.252027194462054,13.912823011618102,21.5,2.95,14.35
12.3644,False,False,3.138469448513356,13.450081439106155,21.5,2.95,14.3
12.3644,False,False,3.5041428244763395,14.14903699493586,21.5,2.95,14.25
12.3644,False,False,2.474947908262831,13.669194600835828,21.5,2.95,14.2
12.3644,False,False,2.836081833450957,13.665551973644439,21.5,2.95,14.15
12.3644,False,False,3.093925311877407,13.37035556864077,21.5,2.95,14.1
12.3644,False,False,3.3521998493574867,13.494372229659621,21.5,2.95,14.05
12.3644,False,False,2.9148604036117556,13.533774358346864,21.5,2.95,14.0
12.3644,False,False,2.6290364208308694,13.777348782113677,21.5,2.95,13.95
12.3644,False,False,2.605238219327036,13.358233002480508,21.5,2.95,13.91
12.3644,False,False,2.8943186565025636,13.481517939352816,21.5,2.95,13.86
12.3644,False,False,3.687233246758839,13.236920866917165,21.5,2.95,13.81
12.3644,False,False,2.907012381280259,13.623412035253953,21.5,2.95,13.77
12.3644,False,False,3.631510160120559,13.915998196134828,21.5,2.96,13.72
12.3644,False,False,3.3545278684126587,13.49786806754232,21.5,2.96,13.67
12.3644,False,False,2.4237890114978735,12.749976806017603,21.5,2.96,13.63
12.3644,False,False,3.1060099795667373,12.98644055035653,21.5,2.96,13.58
12.3644,False,False,3.288609537166954,14.024048531846239,21.54,2.96,13.54
12.3644,False,False,2.5734267561436672,12.922507279303463,21.59,2.96,13.5
12.3644,False,False,2.098490486242665,13.201869723519868,21.64,2.96,13.45
12.3644,False,False,2.4612546076034745,12.25023068957351,21.69,2.97,13.41
12.3644,False,False,3.352977676821914,11.687210927585994,21.73,2.98,13.37
12.3644,False,False,2.912973865683237,12.782819708840695,21.78,2.98,13.33
12.3644,False,False,3.802077409991799,12.482443832369212,21.82,2.99,13.29
12.3644,False,False,2.81208165019575,13.168062097841945,21.87,3.0,13.26
12.3644,False,False,2.3527288979856866,13.066875415811223,21.91,3.01,13.22
12.3644,False,False,2.485425352386339,13.169548847632079,21.95,3.02,13.18
12.3644,False,False,3.8672274293338624,12.944246444077152,21.99,3.03,13.15
12.3644,False,False,3.4940112420547895,13.179220964050533,22.03,3.04,13.11
12.3644,False,False,2.999768890068383,12.027575586135447,22.07,3.05,13.08
12.3644,False,False,3.0038681297000043,13.339252669030378,22.11,3.06,13.05
12.3644,False,False,3.5843865206892356,12.156035087006028,22.15,3.07,13.02
12.3644,False,False,2.2778959761046376,12.005770506081122,22.18,3.08,12.99
12.3644,False,False,3.3058264194802502,12.153405350049015,22.22,3.09,12.96
12.3644,False,False,3.2689345860300705,13.422832621682959,22.25,3.1,12.93
12.3644,False,False,3.148123424525801,12.771551406554464,22.29,3.11,12.9
12.3644,False,False,3.202601099495801,13.381939599796143,22.32,3.12,12.87
12.3644,False,False,3.4245515204320207,11.993349166300593,22.36,3.13,12.85
12.3644,False,False,3.528935185348419,12.379145802402796,22.39,3.14,12.82
12.3644,False,False,2.832584953357718,12.29368296957959,22.42,3.15,12.8
12.3644,False,False,2.94028894885739,12.726085241805842,22.45,3.16,12.77
12.3644,False,False,3.351535219288433,11.783352556948673,22.48,3.17,12.75
12.3644,False,False,2.875379097519492,12.821071474826265,22.51,3.18,12.73
12.3644,False,False,3.350820612065896,12.851704167581243,22.54,3.19,12.7
12.3644,False,False,3.035002383008794,11.324057917612418,22.57,3.2,12.68
12.3644,False,False,3.0127984100274516,11.870939117482422,22.6,3.21,12.66
12.3644,False,False,3.2768231298381085,12.526266398337286,22.62,3.22,12.64
12.3644,False,False,3.0634398065652406,11.71398575950595,22.65,3.23,12.62
12.3644,False,False,3.3195073584824226,11.323614285102233,22.67,3.24,12.6
12.3644,False,False,2.945231375177899,12.286116147325428,22.7,3.24,12.58
12.3644,False,False,4.491211943551832,11.628482745379685,22.72,3.25,12.56
12.3644,False,False,2.4818339153410465,12.774908806038408,22.75,3.26,12.55
12.3644,False,False,3.0891770145570105,12.81815496115695,22.77,3.27,12.53
12.3644,False,False,3.846996448953149,12.728874557081593,22.8,3.28,12.51
12.3644,False,False,3.696957315493834,11.734086165917725,22.82,3.29,12.5
12.3644,False,False,3.012110430870572,12.169240359018511,22.84,3.29,12.48
12.3644,False,False,2.679339881422835,12.166396170669678,22.86,3.3,12.47
12.3644,False,False,4.112413138052405,12.644404485664387,22.88,3.31,12.45
12.3644,False,False,3.5203604183180706,12.837594875724653,22.9,3.32,12.44
12.3644,False,False,3.16353064380706,12.485229410356423,22.92,3.32,12.42
12.3644,False,False,4.137292736250371,11.928315154710221,22.94,3.33,12.41
12.3644,False,False,2.230702669686452,12.236005731727555,22.96,3.34,12.4
12.3644,False,False,3.56231828352852,12.425646979692353,22.98,3.34,12.39
12.3644,False,False,4.211450832035174,12.441893660897598,23.0,3.35,12.37
12.3644,False,False,2.74500499708154,12.518782755685175,23.02,3.36,12.36
12.3644,False,False,3.854845805846514,11.170197893989767,23.03,3.36,12.35
12.3644,False,False,4.65742342996352,11.872319012276952,23.05,3.37,12.34
12.3644,False,False,4.140101834845531,11.690854693785901,23.07,3.37,12.33
12.3644,False,False,3.0369372603096023,11.94977498091482,23.08,3.38,12.32
12.3644,False,False,3.615728963307208,11.830513010237077,23.1,3.39,12.31
12.3644,False,False,2.853275336851927,12.615663714727491,23.11,3.39,12.3
12.3644,False,False,3.621698808220869,11.02334315507498,23.13,3.4,12.29
12.3644,False,False,3.8974849849944384,12.63559239414989,23.14,3.4,12.28
12.3644,False,False,3.317327303828785,12.284171546746157,23.16,3.41,12.27
12.3644,False,False,3.9652669605945006,11.680205162990312,23.17,3.41,12.27
12.3644,False,False,4.666350253341337,12.782988639762534,23.18,3.42,12.26
12.3644,False,False,3.8707328743303138,11.998116212122394,23.2,3.42,12.25
12.3644,False,False,4.071455379080474,11.978125213198078,23.21,3.43,12.24
12.3644,False,False,3.5064953594953003,12.546446085088213,23.22,3.43,12.24
12.3644,False,False,3.563172112611558,11.583489665264947,23.24,3.44,12.23
12.3644,False,False,3.2985608086657714,11.678219329070581,23.25,3.44,12.22
12.3644,False,False,3.63982435232644,11.866392321476033,23.26,3.45,12.22
12.3644,False,False,3.815391439079738,11.541983638032347,23.27,3.45,12.21
12.3644,False,False,3.6720086180726548,12.331394756086894,23.28,3.45,12.21
12.3644,False,False,3.112681916035929,12.406873013346365,23.29,3.46,12.2
12.3644,False,False,3.5428708458193703,12.160259832103257,23.3,3.46,12.2
12.3644,False,False,3.94750426138541,11.715840429067125,23.31,3.47,12.19
12.3644,False,False,3.14121786057121,12.374483066601647,23.32,3.47,12.19
12.3644,False,False,3.4046563105680976,11.455197617832802,23.33,3.47,12.18
12.3644,False,False,3.918444261304458,12.873566322726074,23.34,3.48,12.18
12.3644,False,False,3.119777476298415,12.103640750291413,23.35,3.48,12.17
12.3644,False,False,4.366630620116095,12.471082966612283,23.36,3.48,12.17
12.3644,False,False,2.599129231641406,11.471319650777032,23.37,3.49,12.16
12.3644,False,False,3.739438796784538,11.435446098809173,23.38,3.49,12.16
12.3644,False,False,2.90456145092375,11.773253970859084,23.39,3.49,12.16
12.3644,False,False,4.118819489739775,12.702193575699805,23.4,3.5,12.15
12.3644,False,False,3.3020565004984443,12.12838384550001,23.4,3.5,12.15
12.3644,False,False,3.6902420903901425,12.250640346406831,23.41,3.5,12.15
12.3644,False,False,3.204593401851758,12.687194612422395,23.42,3.51,12.15
12.3644,False,False,3.545380618095999,12.255108493555337,23.43,3.51,12.14
12.3644,False,False,3.4756780201060855,11.597744645017247,23.43,3.51,12.14
12.3644,False,False,4.713599916710024,12.04994639024826,23.44,3.51,12.14
12.3644,False,False,2.9577842042828113,12.99804966962559,23.45,3.52,12.14
12.3644,False,False,3.7122672142199167,12.042646434941288,23.46,3.52,12.13
12.3644,False,False,3.8926382822574483,11.612919294083794,23.46,3.52,12.13
12.3644,False,False,3.481701917252685,11.171247045111144,23.47,3.52,12.13
12.3644,False,False,3.952418241716685,11.912123432097458,23.47,3.53,12.13
12.3644,False,False,3.384881748900715,12.413422030083199,23.48,3.53,12.13
12.3644,False,False,3.3851358426501137,12.827417782866483,23.49,3.53,12.12
12.3644,False,False,3.44249515899339,11.959613246562165,23.49,3.53,12.12
12.3644,False,False,4.118667871112729,12.482588839838812,23.5,3.54,12.12
12.3644,False,False,3.5598097155473036,12.809591694173164,23.5,3.54,12.12
12.3644,False,False,2.878786507253583,11.327896761474129,23.51,3.54,12.12
12.3644,False,False,3.120221406676507,12.453000318763548,23.52,3.54,12.12
12.3644,False,False,3.78365419191538,12.56689365170383,23.52,3.54,12.12
12.3644,False,False,3.481506865586866,12.246999863085174,23.53,3.55,12.12
12.3644,False,False,3.0425484047952422,12.29296029599746,23.53,3.55,12.12
12.3644,False,False,3.947849239851532,11.56009549804968,23.54,3.55,12.11
12.3644,False,False,4.217188168540389,11.488946974852558,23.54,3.55,12.11
12.3644,False,False,4.14559663838767,12.492922154714503,23.55,3.55,12.11
12.3644,False,False,3.7405375278258433,11.65887435469839,23.55,3.55,12.11
12.3644,False,False,3.912673927569783,11.879302775078507,23.55,3.56,12.11
12.3644,False,False,3.4620509684196787,13.30991612480826,23.56,3.56,12.11
12.3644,False,False,3.7456897462454672,12.376647659354706,23.56,3.56,12.11
12.3644,False,False,3.5612595505124673,13.691744078903945,23.57,3.56,12.11
12.3644,False,False,3.5507728873325637,11.71914768932701,23.57,3.56,12.11
12.3644,False,False,3.770866102877247,11.737893568764422,23.58,3.56,12.11
12.3644,False,False,3.9084985922077498,12.534894462582757,23.58,3.57,12.11
12.3644,False,False,3.3247256377580134,12.084952079925767,23.58,3.57,12.11
12.3644,False,False,3.5463982146009165,12.01809062572107,23.59,3.57,12.11
12.3644,False,False,2.9931868791892757,12.752888839847206,23.59,3.57,12.11
12.3644,False,False,3.928982035915474,12.727579485622996,23.59,3.57,12.11
12.3644,False,False,4.496010035764273,12.036145839704615,23.6,3.57,12.11
12.3644,False,False,3.5545932204583446,12.197582690348192,23.6,3.57,12.11
12.3644,False,False,4.399544651609793,13.23301350229639,23.6,3.58,12.11
12.3644,False,False,3.4120971586324216,12.469487667256756,23.61,3.58,12.11
12.3644,False,False,3.673495071828031,13.866728313205687,23.61,3.58,12.11
12.3644,False,False,3.3613841567380467,11.368086202969854,23.61,3.58,12.11
12.3644,False,False,2.8317627271404637,13.318326676984558,23.62,3.58,12.11
12.3644,False,False,4.143639076712431,12.484859232253724,23.62,3.58,12.11
12.3644,False,False,3.66379038329129,12.206067264579787,23.62,3.58,12.12
12.3644,False,False,3.748089313692223,12.188001779587431,23.63,3.58,12.12
12.3644,False,False,3.5751884501583753,12.113710978020638,23.63,3.58,12.12
12.3644,False,False,3.3398173385992456,11.356605949417656,23.63,3.59,12.12
12.3644,False,False,3.772303554938303,11.162601214477403,23.63,3.59,12.12
12.3644,False,False,3.437942975282976,12.68831333602101,23.64,3.59,12.12
12.3644,False,False,3.4927101215268443,11.859495165826603,23.64,3.59,12.12
12.3644,False,False,3.246846071418358,12.807166020669879,23.64,3.59,12.12
12.3644,False,False,4.122018940265889,13.049283828860489,23.64,3.59,12.12
12.3644,False,False,3.2427753688902055,12.162869562874606,23.65,3.59,12.12
12.3644,False,False,3.6667357017101585,11.568975135427165,23.65,3.59,12.12
12.3644,False,False,2.749908009488779,12.970109939942757,23.65,3.59,12.12
12.3644,False,False,4.225582235013543,12.793519118413696,23.65,3.59,12.12
12.3644,False,False,4.1892105003820195,11.905396778348495,23.66,3.59,12.13
12.3644,False,False,4.288768139304377,11.688702351321382,23.66,3.6,12.13
12.3644,False,False,3.835787624120136,11.780114211776784,23.66,3.6,12.13
12.3644,False,False,2.9238822815997683,11.557778433603518,23.66,3.6,12.13
12.3644,False,False,3.8777900923447413,12.316985098962235,23.67,3.6,12.13
12.3644,False,False,4.441467121850554,12.168230014845943,23.67,3.6,12.13
12.3644,False,False,3.1485277828184692,11.907678755393288,23.67,3.6,12.13
12.3644,False,False,3.516606042634267,11.642501857412105,23.67,3.6,12.13
12.3644,False,False,3.879641362016522,12.45465381020399,23.67,3.6,12.13
12.3644,False,False,3.2710711232810605,11.973768232225812,23.68,3.6,12.13
